time,servo1,servo2,servo3,servo4,servo5,servo6,servo7
0.06824898719787598,0.013954975877402544,-0.5814502249199617,1.096039952731196,0.32619756958206403,-0.01890090396774058,0.24421207421550106,0.02
0.16823458671569824,0.013916449535285877,-0.5827360416056869,1.0959051105725384,0.3252970163117646,-0.017403192439124603,0.2435378632385059,0.02
0.26816248893737793,0.013846684060285492,-0.5850644643656622,1.0956609314802093,0.3236662482913974,-0.014691059636819355,0.24231696744419193,0.02
0.3681652545928955,0.013746967424285049,-0.5883925071376824,1.0953119233545054,0.3213353718645226,-0.010814575467094476,0.24057192634018731,0.02
0.4682881832122803,0.013618626008499609,-0.5926759019480898,1.0948627285283459,0.31833539119284526,-0.005825302998956575,0.23832595159740974,0.02
0.5682966709136963,0.013463097001947776,-0.5978666826127326,1.0943183771618499,0.31469990057054514,0.00022088704528582664,0.23560419402331,0.02
0.6681246757507324,0.013281835795498995,-0.6039162754606788,1.0936839631215969,0.31046291976007667,0.007267416346382716,0.2324321229577239,0.02
0.7682085037231445,0.013075741421197891,-0.610794675297029,1.0929626330188387,0.3056454636360271,0.01527933503409334,0.22882547146119786,0.02
0.8682031631469727,0.012846545109974053,-0.6184441022887179,1.0921604461600873,0.3002879997224237,0.024189341506981186,0.22481453607454827,0.02
0.9681723117828369,0.012595553852521424,-0.6268209356207387,1.0912819770114572,0.29442107892752856,0.03394662650253735,0.22042218913457837,0.02
1.068235158920288,0.012323901905598414,-0.635887319473262,1.090331195470462,0.28807121450375606,0.04450709578990203,0.21566828013426442,0.02
1.1684885025024414,0.012032689700532284,-0.6456065269502382,1.0893119530456399,0.2812641290340472,0.05582797010183238,0.21057206662154668,0.02
1.2681329250335693,0.011724546614734077,-0.6558908025793739,1.0882334525552853,0.2740612842169766,0.06780703239291919,0.20517956270043258,0.02
1.368143081665039,0.011399378736541102,-0.6667432806624541,1.087095365308673,0.2664604848673724,0.08044793347899767,0.1994891249168497,0.02
1.4683585166931152,0.01105869020618569,-0.6781137605185386,1.0859029557951032,0.25849689026407546,0.09369219990936276,0.1935270757244714,0.02
1.5683603286743164,0.010704511346399447,-0.6899344801255333,1.0846633301420945,0.2502179592021665,0.10746090288893861,0.1873289457705715,0.02
1.6682381629943848,0.01033807649389096,-0.7021642434952259,1.0833808085268855,0.24165254430295569,0.1217060575788573,0.1809163359472283,0.02
1.768362283706665,0.009960087567623337,-0.7147796240819023,1.0820578476651406,0.23281705292263077,0.13640037687981368,0.1743015298361132,0.02
1.8682925701141357,0.0095724377631192,-0.7277174364841311,1.0807010737392853,0.223755738507679,0.15147026281690606,0.16751765835837837,0.02
1.9683024883270264,0.009176317586760909,-0.7409379475508577,1.0793146535204603,0.2144964291455088,0.16686943445517438,0.16058555537540464,0.02
2.0683164596557617,0.008773080183118816,-0.7543959960814292,1.0779033230133006,0.20507075459127122,0.1825452883001897,0.15352890091682037,0.02
2.1682844161987305,0.008364094990338064,-0.7680458770771263,1.076471875249937,0.19551072546243797,0.19844458744481216,0.1463716601498084,0.02
2.2682952880859375,0.00795057379176118,-0.7818471472683395,1.0750245514708492,0.1858446671953743,0.21452022381226674,0.139135039282547,0.02
2.368288993835449,0.007533952539033462,-0.7957518817682514,1.0735663775053514,0.17610614516065815,0.23071637478313162,0.1318441674684544,0.02
2.4683053493499756,0.007115572024971809,-0.8097153316159862,1.0721020461269548,0.16632650039119634,0.24698091703738653,0.12452250858147669,0.02
2.5683789253234863,0.0066967578622377935,-0.8236932544883588,1.0706361969786409,0.15653671908375552,0.26326231738354117,0.11719326084284573,0.02
2.668316125869751,0.006278864509898132,-0.8376404453133999,1.069173570665781,0.14676846171984015,0.2795079212261214,0.10988012728587582,0.02
2.7683160305023193,0.005863175034359921,-0.8515140817491869,1.0677186579195095,0.13705171997749283,0.29566784935925616,0.10260556157235659,0.02
2.8682942390441895,0.005451208182947214,-0.8652634756030861,1.066276774353933,0.12742199457633266,0.3116830604815575,0.09539614178006295,0.02
2.968311309814453,0.005044086547738632,-0.8788511603639617,1.0648518490401975,0.11790552610687705,0.3275099138265858,0.08827151327007801,0.02
3.068258762359619,0.004643235575746488,-0.8922295617371272,1.0634488710414123,0.10853563439390168,0.3430929951425207,0.08125662136474551,0.02
3.1683192253112793,0.004249971739801536,-0.9053547424412551,1.062072448011161,0.09934309199062236,0.35838112654878995,0.0743745043382604,0.02
3.2682907581329346,0.0038657496047745515,-0.9181781563731197,1.060727670925028,0.09036189935177402,0.37331776183684146,0.0676506170754819,0.02
3.368281364440918,0.003491769771702258,-0.9306597334725725,1.0594187418854344,0.08162012052731688,0.38785622764203226,0.0611059700942396,0.02
3.4682841300964355,0.0031294720002525214,-0.9427514217600412,1.0581507000497696,0.07315140990035884,0.4019405533080653,0.054765759188345725,0.02
3.5683083534240723,0.002780020451033661,-0.9544143673746923,1.056927619978992,0.06498297972582406,0.41552548209193174,0.048650357168142255,0.02
3.668192148208618,0.002445060877833737,-0.9655936432830979,1.0557552618097041,0.05715329949950482,0.4285470353160251,0.04278856472449111,0.02
3.7683959007263184,0.002125448324674456,-0.9762607123906435,1.054636618195122,0.04968235587592612,0.44097197314447134,0.037195345127549156,0.02
3.8684780597686768,0.001822900212643131,-0.9863582557677562,1.0535777001073239,0.042610293574043445,0.45273353083344486,0.03190075324589653,0.02
3.9684908390045166,0.001538827801220912,-0.9958391726286087,1.0525834469530742,0.035970100785083114,0.46377684567139144,0.026929486120085333,0.02
4.068458795547485,0.0012745291349664286,-1.004660140735464,1.0516584018870225,0.02979211930138881,0.47405145617680755,0.022304259529553144,0.02
4.168339490890503,0.0010312310361781808,-1.0127802148935505,1.0508068587859798,0.02410502609493065,0.48350966963351316,0.018046542864203707,0.02
4.268298864364624,0.0008102658135197543,-1.0201549293006127,1.0500334807289284,0.018939963881526467,0.4920996925429435,0.014179651525302428,0.02
4.3683061599731445,0.0006129334533621807,-1.026740896910924,1.0493428176668593,0.014327319843386144,0.4997709879356389,0.010726335274003296,0.02
4.468517065048218,0.00044052461296886086,-1.0324950420377292,1.0487393868988966,0.010297263094822984,0.5064733815111939,0.007709180612079342,0.02
4.568307161331177,0.00029474534337353697,-1.0373604252269994,1.0482291596019417,0.006889672579783401,0.5121405505366093,0.005158043432176074,0.02
4.6682329177856445,0.00017660517017856377,-1.0413033535612946,1.0478156691145881,0.0041281459598335735,0.5167332497046482,0.003090590432071494,0.02
4.768373489379883,8.744237014142626e-05,-1.0442791620532235,1.0475035994041406,0.0020439654549899156,0.5201994535070987,0.0015302414546725651,0.02
4.868294954299927,2.87011061445748e-05,-1.0462396517659247,1.0472980050392353,0.0006708883735039306,0.5224830201126992,0.0005022693500456588,0.02
4.970811605453491,1.7167826508908413e-06,-1.0471402535748406,1.047203559934149,4.0129795503884846e-05,0.5235320356736888,3.0043695942921778e-05,0.02
6.868304014205933,1.7159179554974722e-06,-1.0471402824340499,1.0472035569077158,4.010958324854137e-05,0.5235320692887218,3.0028563773763294e-05,0.02
6.9684739112854,1.711287516056726e-06,-1.0471404369749682,1.0472035407011826,4.000134672381074e-05,0.5235322492970524,2.9947531084757673e-05,0.02
7.068143606185913,1.7028242234185841e-06,-1.0471407194373639,1.047203511079667,3.9803517253270636e-05,0.5235325783075491,2.9799423465797076e-05,0.02
7.1684889793396,1.6906533112434372e-06,-1.0471411256415633,1.0472034684814864,3.951902217380851e-05,0.5235330514517532,2.9586432505905687e-05,0.02
7.2684454917907715,1.6749767430568614e-06,-1.0471416488470338,1.0472034136135135,3.915258238295697e-05,0.5235336608783329,2.9312092566728432e-05,0.02
7.368304014205933,1.6559547474644711e-06,-1.0471422837061453,1.047203347036548,3.8707943224469254e-05,0.523534400358401,2.8979207648821774e-05,0.02
7.468334197998047,1.6337401152090889e-06,-1.0471430251195069,1.0472032692853577,3.8188676182051324e-05,0.5235352639522177,2.859045159014527e-05,0.02
7.568303108215332,1.608497437400652e-06,-1.0471438675938902,1.0472031809360107,3.7598628572997615e-05,0.5235362452613037,2.81487047350799e-05,0.02
7.668319225311279,1.5803945499491031e-06,-1.047144805527772,1.0472030825759329,3.694172356180465e-05,0.523537337761038,2.76569042120059e-05,0.02
7.768298625946045,1.549599048781037e-06,-1.0471458333276373,1.0472029747917098,3.622187870335802e-05,0.5235385349361289,2.7117982949594967e-05,0.02
7.868295431137085,1.5162719730376342e-06,-1.0471469456188054,1.047202858146978,3.544285828768033e-05,0.5235398305261801,2.6534759132775786e-05,0.02
7.9682910442352295,1.4805834344346608e-06,-1.0471481367237976,1.047202733237129,3.4608638676230586e-05,0.5235412179180987,2.591020971652989e-05,0.02
8.068285703659058,1.4426936814413906e-06,-1.0471494012943212,1.0472026006230315,3.3722965677075075e-05,0.5235426908822255,2.5247139049027782e-05,0.02
8.168286323547363,1.402764650047576e-06,-1.0471507339257622,1.0472024608714618,3.278962454407229e-05,0.5235442431232991,2.4548381010047913e-05,0.02
8.268305540084839,1.360966601692592e-06,-1.047152128935645,1.0472023145783347,3.1812595138470704e-05,0.5235458680224059,2.381691517473495e-05,0.02
8.368280172348022,1.3174722888890464e-06,-1.0471535805583547,1.0472021623482837,3.079591555035709e-05,0.5235475588637922,2.3055764712014464e-05,0.02
8.468302726745605,1.2724190008425771e-06,-1.0471550842118638,1.0472020046618207,2.974279491499637e-05,0.5235493103103402,2.2267332182949342e-05,0.02
8.568142414093018,1.2260249552215281e-06,-1.0471566326131576,1.0472018422827076,2.865833407051817e-05,0.5235511138788382,2.1455436396678685e-05,0.02
8.668343782424927,1.1783695485402953e-06,-1.0471582231123773,1.0472016754888323,2.7544388910494567e-05,0.5235529664827469,2.0621466792183728e-05,0.02
8.768177509307861,1.129711845367984e-06,-1.0471598470632428,1.0472015051869201,2.6407015069385233e-05,0.5235548580509309,1.9769956999356256e-05,0.02
8.868301153182983,1.0801360065766331e-06,-1.0471615016568852,1.0472013316715343,2.5248179807625027e-05,0.5235567853116366,1.8902379833435005e-05,0.02
8.968310832977295,1.0298481612234587e-06,-1.0471631800137469,1.047201155664126,2.4072701392051158e-05,0.5235587402515971,1.8022342552867502e-05,0.02
9.068226099014282,9.790430153687585e-07,-1.047164875635513,1.0472009778461666,2.2885131076940956e-05,0.5235607153016143,1.713325251365819e-05,0.02
9.16829800605774,9.278176837365362e-07,-1.0471665852809795,1.0472007985575575,2.1687738919026804e-05,0.5235627066863534,1.623680922345181e-05,0.02
9.268307209014893,8.763783511113868e-07,-1.0471683020687292,1.047200618519945,2.0485344487773425e-05,0.5235647063903809,1.5336620915925003e-05,0.02
9.368486166000366,8.248511419148704e-07,-1.0471700217893598,1.0472004381747646,1.928089594161115e-05,0.5235667095106101,1.4434894768422191e-05,0.02
9.468289136886597,7.735006191816504e-07,-1.0471717356130794,1.0472002584479867,1.8080577441635384e-05,0.5235687057621532,1.3536260633980995e-05,0.02
9.56826901435852,7.223915191256411e-07,-1.0471734413793172,1.047200079566188,1.6885902196885574e-05,0.5235706926283897,1.2641851396328032e-05,0.02
9.668301105499268,6.717008793691321e-07,-1.047175133179442,1.0471999021489997,1.5701008461889915e-05,0.5235726632269825,1.1754765213807208e-05,0.02
9.768262147903442,6.216336683127646e-07,-1.047176804172634,1.0471997269138114,1.4530687373137475e-05,0.5235746095897847,1.0878589033376294e-05,0.02
9.868309736251831,5.72317361098404e-07,-1.0471784501044097,1.0471995543067858,1.3377918662146528e-05,0.5235765267612006,1.0015553669984695e-05,0.02
9.968340635299683,5.239297177480774e-07,-1.0471800650420287,1.0471993849500827,1.2246857469539577e-05,0.5235784078308092,9.168769923971533e-06,0.02
10.068326473236084,4.766516222764818e-07,-1.0471816429484866,1.047199219476796,1.1141731959269661e-05,0.5235802457667448,8.341403265546837e-06,0.02
10.168455600738525,4.305609189919216e-07,-1.0471831812257297,1.047199058159381,1.0064361742090527e-05,0.5235820375428096,7.534815970085637e-06,0.02
10.268285512924194,3.860378321846839e-07,-1.0471846671837723,1.047198902328622,9.023634561017818e-06,0.5235837683777848,6.755661962568811e-06,0.02
10.368225574493408,3.4303581417437427e-07,-1.047186102376143,1.0471987518216022,8.018462363994127e-06,0.5235854400812113,6.003126658601589e-06,0.02
10.46829080581665,3.017793870372456e-07,-1.0471874793094176,1.0471986074241486,7.054093354687794e-06,0.5235870439247936,5.281139194459855e-06,0.02
10.56847858428955,2.624457738361e-07,-1.0471887920687761,1.0471984697565422,6.134670122299108e-06,0.5235885730189851,4.592800973696436e-06,0.02
10.668296575546265,2.2520458417874606e-07,-1.047190034993498,1.0471983394124158,5.264157291513272e-06,0.5235900207702127,3.941080164403749e-06,0.02
10.768205404281616,1.9021809527005972e-07,-1.0471912026675811,1.0471982169597398,4.446348092092495e-06,0.5235913808699497,3.3288166176248086e-06,0.02
10.868325233459473,1.5762784029207768e-07,-1.0471922903673558,1.0471981028938802,3.6845508622525692e-06,0.523592647816094,2.7584871640083487e-06,0.02
10.968276262283325,1.276283919321909e-07,-1.0471932915989586,1.047197997895841,2.983313738679054e-06,0.5235938140446326,2.233496825532985e-06,0.02
11.068276166915894,1.003749099499509e-07,-1.0471942011839321,1.0471979025086815,2.34626358084539e-06,0.5235948735237297,1.7565608979503949e-06,0.02
11.168158292770386,7.604204003781708e-08,-1.0471950132934766,1.0471978173436614,1.7774827319185527e-06,0.5235958194640341,1.3307356808330887e-06,0.02
11.268072843551636,5.47713497529975e-08,-1.0471957232027747,1.0471977428962667,1.2802803336339728e-06,0.5235966463621072,9.584986063952904e-07,0.02
11.368092060089111,3.67336664748248e-08,-1.0471963252104624,1.0471976797643934,8.586494760869768e-07,0.5235973475770348,6.428391537307676e-07,0.02
11.468148708343506,2.2090850669432605e-08,-1.0471968139144465,1.0471976285145528,5.163736477714146e-07,0.5235979168164911,3.865898809546624e-07,0.02
11.568225383758545,1.1018755954083445e-08,-1.0471971834456126,1.0471975897622323,2.575634270972693e-07,0.5235983472441672,1.9282822632321145e-07,0.02
11.668088674545288,3.690853642550749e-09,-1.0471974280143557,1.0471975641145816,8.627370612900189e-08,0.5235986321163655,6.458993778220995e-08,0.02
11.770250082015991,2.519251459346849e-10,-1.0471975427885958,1.0471975520783354,5.888750438739641e-09,0.5235987658047089,4.408689988168098e-09,0.02
11.872573137283325,0.00509095032522942,-0.4973344339313405,1.003050597825988,-0.006091669731611086,0.028373219054760795,-0.013213384020457481,0.02
11.973292827606201,0.04863964284629038,-0.048659293663676224,0.743301184863974,0.2186042971080193,-0.16464820766710964,0.1862445797894488,0.02
12.070920944213867,0.08774116859149717,0.30730676571880533,0.345636452757272,0.5278842638988638,-0.13804535219558087,0.47438953667591727,0.02
12.171018838882446,0.07602722457924481,0.6207542236015761,-0.05043355202105003,0.8911822770003409,-0.07141110049354868,0.8468792541803567,0.02
12.273219347000122,0.10338384191868322,0.8574567908696534,-0.3369020995882575,1.4802389960996494,-0.08340536332348454,1.4238346820097512,0.02
12.370946407318115,0.1256336347550011,1.254316481714399,-1.3155910686893426,2.356194490192345,-0.5983332696784289,2.356194490192345,0.02
12.471846580505371,0.12020370560649783,1.3149370783664003,-1.3620352250328511,2.356194490192345,-0.5792777920528713,2.356194490192345,0.02
12.571853876113892,0.12187307582874417,1.347678047994329,-1.362042845867333,2.356194490192345,-0.5426183784622154,2.356194490192345,0.02
14.071542263031006,0.1266545344821507,1.3488686766731062,-1.3620427599805498,2.356194490192345,-0.5421838902556433,2.356194490192345,0.02
14.17552399635315,0.14008852393546986,1.3551982263520652,-1.3620428416880268,2.356194490192345,-0.5377450356575566,2.356194490192345,0.02
14.271272897720337,0.15853440025132695,1.367284132305587,-1.3620474535050453,2.356194490192345,-0.5282126424500271,2.356194490192345,0.02
14.374313354492188,0.1695840156340665,1.3834301409114251,-1.362055873342018,2.356194490192345,-0.512386292525303,2.356194490192345,0.02
14.472044467926025,0.1740268007282863,1.4020804039299957,-1.362065817945696,2.356194490192345,-0.4915911024595713,2.356194490192345,0.02
14.571796178817749,0.18046085662287817,1.417490916074842,-1.3620783474627454,2.356194490192345,-0.4748702369060106,2.356194490192345,0.02
14.671919822692871,0.18917560263732508,1.4304549705596021,-1.3620947120407922,2.356194490192345,-0.46160903934727027,2.356194490192345,0.02
14.773236274719238,0.19680815309408184,1.4414419018688818,-1.3621124253402892,2.356194490192345,-0.45032123452288836,2.356194490192345,0.02
14.871169567108154,0.20333848480442912,1.450860532973747,-1.3621306683798144,2.356194490192345,-0.4405305074969207,2.356194490192345,0.02
17.07062578201294,0.20670402294630544,1.4488566338656872,-1.3621323803505274,2.356194490192345,-0.4443161901338165,2.356194490192345,0.02
17.17102575302124,0.22035454408093613,1.440745794976016,-1.3621371953627408,2.356194490192345,-0.4596425798059613,2.356194490192345,0.02
17.271626234054565,0.2379417323183214,1.430348696567145,-1.3621425362976176,2.356194490192345,-0.4793087228014013,2.356194490192345,0.02
17.370261430740356,0.2585633327177578,1.4182427368723654,-1.3621475896719613,2.356194490192345,-0.5022507868251859,2.356194490192345,0.02
17.471737384796143,0.2830549270308379,1.4039982330345597,-1.3621520939015763,2.356194490192345,-0.5293404199805928,2.356194490192345,0.02
19.57038187980652,0.2837853612955013,1.4035759761991844,-1.3621523649797986,2.356194490192345,-0.5301455078435496,2.356194490192345,0.02
19.671180725097656,0.3134652423667744,1.386535665663093,-1.3621557675655795,2.356194490192345,-0.5627558859348006,2.356194490192345,0.02
19.772121906280518,0.3440102272615924,1.3655646732848705,-1.3621535216560976,2.356194490192345,-0.6000472183538165,2.356194490192345,0.02
19.8708758354187,0.38130046846436993,1.339583130805548,-1.362148139759777,2.356194490192345,-0.6457642195282046,2.356194490192345,0.02
19.97583246231079,0.3805848686970672,1.3395196404474745,-1.362147895200694,2.356194490192345,-0.6454639364744446,2.356194490192345,0.02
21.672889471054077,0.36726305333882725,1.347140221413829,-1.3621483383184922,2.356194490192345,-0.6308831535399995,2.356194490192345,0.02
21.772252559661865,0.32870802140807703,1.3695554782063446,-1.3621478344936508,2.356194490192345,-0.5884272976656812,2.356194490192345,0.02
21.871746063232422,0.2949977551276863,1.389563226470033,-1.3621451162855145,2.356194490192345,-0.5509784618329001,2.356194490192345,0.02
21.97103714942932,0.2674652675589881,1.4061610195471004,-1.3621412250188685,2.356194490192345,-0.5201441812943901,2.356194490192345,0.02
22.07065773010254,0.24458824877455668,1.4201104788328773,-1.3621366477832995,2.356194490192345,-0.4943355439819506,2.356194490192345,0.02
22.171013355255127,0.2308045005100094,1.428730647378614,-1.3621333519924352,2.356194490192345,-0.47850955567184855,2.356194490192345,0.02
24.67158079147339,0.22940842396728944,1.428743532389502,-1.3621071688466997,2.356194490192345,-0.46775745711448385,2.356194490192345,0.02
24.772000312805176,0.22631109049941756,1.42900607067263,-1.3620646454531509,2.356194490192345,-0.4438372039750785,2.356194490192345,0.02
24.870227098464966,0.22334679336604368,1.4299903731921948,-1.3620555089668451,2.356194490192345,-0.4130628249028175,2.356194490192345,0.02
24.97247815132141,0.22053338758277025,1.4313321412625075,-1.3620928277127362,2.356194490192345,-0.3821098157357549,2.356194490192345,0.02
25.070976734161377,0.21788757131619346,1.4329024900801441,-1.3622072751053187,2.356194490192345,-0.3536137263647129,2.356194490192345,0.02
25.67228388786316,0.2195616061385864,1.4319467240221087,-1.36212289582911,2.356194490192345,-0.37012285098812364,2.356194490192345,0.02
25.770977020263672,0.22231738186587321,1.4306539372278735,-1.3620618219672311,2.356194490192345,-0.397754344169244,2.356194490192345,0.02
25.872947931289673,0.2252045005356636,1.42946513746583,-1.3620577792646091,2.356194490192345,-0.42992174950983814,2.356194490192345,0.02
25.972949266433716,0.22647310036949156,1.4285990566793947,-1.36206354304918,2.356194490192345,-0.45223502819319916,2.356194490192345,0.02
44.66831636428833,0.2264161399863944,1.4279763676137829,-1.3614575883698588,2.355601882325919,-0.45198959565744795,2.355601882325919,0.02
44.76836609840393,0.22590557569606104,1.4223948953062655,-1.35602611470343,2.350290042792616,-0.4497896615694558,2.350290042792616,0.02
44.86833667755127,0.22488319594336445,1.4112182729190694,-1.3451498571801397,2.339653346707042,-0.44538440230747006,2.339653346707042,0.02
44.96847915649414,0.22336963446261346,1.3946720677682531,-1.3290483211329316,2.3239064645577074,-0.43886272509890173,2.3239064645577074,0.02
45.06818604469299,0.2213912004210723,1.373043890819368,-1.308001388159259,2.3033231132445366,-0.4303379916397939,2.3033231132445366,0.02
45.16849493980408,0.2189609695070226,1.3464766850737704,-1.2821481597550872,2.2780393304012896,-0.4198665428316144,2.2780393304012896,0.02
45.26833939552307,0.21611104186567295,1.315321368280589,-1.2518301229705109,2.2483890814532277,-0.40758669270260817,2.2483890814532277,0.02
45.36829900741577,0.21285669943163577,1.279745002054706,-1.217209849742092,2.2145313575126475,-0.3935642884918412,2.2145313575126475,0.02
45.46831703186035,0.20921878477794736,1.2399754367303937,-1.1785090670662757,2.176683001796998,-0.3778891372770359,2.176683001796998,0.02
45.568294286727905,0.2052233564298378,1.1962975432625924,-1.1360049901660072,2.1351151235615022,-0.36067352078063464,2.1351151235615022,0.02
45.66830515861511,0.20088866636922692,1.1489108517272837,-1.0898917868689924,2.0900176138756295,-0.34199608366690265,2.0900176138756295,0.02
45.76823687553406,0.1962394894791637,1.0980862003446041,-1.0404330167845042,2.0416482271607195,-0.32196357666396025,2.0416482271607195,0.02
45.86847400665283,0.19128999300987315,1.0439784650357689,-0.9877793936384727,1.9901543575084637,-0.3006370440267489,1.9901543575084637,0.02
45.968456983566284,0.18607421383013117,0.9869597357492996,-0.9322930076905268,1.9358901197454896,-0.2781631447936824,1.9358901197454896,0.02
46.06829786300659,0.18060897008378868,0.927213867889785,-0.8741527733441488,1.879030487490351,-0.25461434546634504,1.879030487490351,0.02
46.16848301887512,0.17490683233481433,0.8648782824559305,-0.8134924184930843,1.8197062431340396,-0.23004481045204753,1.8197062431340396,0.02
46.268688440322876,0.16900206057917722,0.8003275086155172,-0.7506764070637013,1.7582738228873227,-0.20460216020606642,1.7582738228873227,0.02
46.36830258369446,0.16291630890429185,0.7337982681517495,-0.6859350990866343,1.6949585128498423,-0.17837969848259944,1.6949585128498423,0.02
46.46828746795654,0.15666255093727735,0.6654323883366575,-0.6194065103130634,1.6298952888252862,-0.15143332641904456,1.6298952888252862,0.02
46.56833004951477,0.15026407217613916,0.5954844254812572,-0.5513383560094504,1.5633264098811206,-0.12386337723844104,1.5633264098811206,0.02
46.668299198150635,0.1437483991879271,0.5242552991261797,-0.48202346868854473,1.4955382585745274,-0.09578845820401688,1.4955382585745274,0.02
46.768479347229004,0.13712901322957394,0.45189238593615777,-0.4116052643577077,1.426671092018842,-0.06726665774310031,1.426671092018842,0.02
46.868276596069336,0.13044034890228642,0.3787721238577815,-0.34045006442485826,1.3570831629933249,-0.0384463486550336,1.3570831629933249,0.02
46.96829438209534,0.12369191119008992,0.30499842106897446,-0.2686589845994405,1.2868733600236049,-0.009368486288162281,1.2868733600236049,0.02
47.06822347640991,0.11691173447934383,0.23087774857463406,-0.19653025966627657,1.2163333489480006,0.019846133987849846,1.2163333489480006,0.02
47.1682870388031,0.1101175815010383,0.1566042879754017,-0.12425285271472375,1.145647930737671,0.049120975607205186,1.145647930737671,0.02
47.2682580947876,0.10333593132078356,0.08246750756005272,-0.052108452751037815,1.075092589891193,0.07834194481098422,1.075092589891193,0.02
47.368316411972046,0.09658189310273055,0.008632580222373232,0.01974220625109524,1.0048245200411245,0.1074439387984506,1.0048245200411245,0.02
47.46831774711609,0.08988320447417347,-0.06459726719324177,0.09100404648253324,0.9351322995859375,0.13630744088392954,0.9351322995859375,0.02
47.5683159828186,0.08326108881828134,-0.13699002134846694,0.1614512898209568,0.8662367336384886,0.1648410031440547,0.8662367336384886,0.02
47.66833233833313,0.07673377161492076,-0.2083464418869112,0.23089005037221333,0.7983274375445861,0.19296609510736984,0.7983274375445861,0.02
47.768431425094604,0.07032521594697946,-0.27840456516154144,0.29906540460143094,0.7316537198701301,0.2205794639536205,0.7316537198701301,0.02
47.868335247039795,0.06405962564625017,-0.346899795666082,0.3657198678440965,0.6664673938989876,0.24757681951675126,0.6664673938989876,0.02
47.96831011772156,0.057955809531875596,-0.4136265159980437,0.43065334853915793,0.6029641439572828,0.2738771178162678,0.6029641439572828,0.02
48.068323612213135,0.0520347113728869,-0.4783557695518128,0.4936430431491916,0.5413618660914539,0.29939011573823715,0.5413618660914539,0.02
48.16832900047302,0.046320344158313514,-0.5408250471080289,0.5544334972289198,0.4819103880839255,0.32401234542538704,0.4819103880839255,0.02
48.26832842826843,0.04083171060468818,-0.6008266115842069,0.6128225565023928,0.42480741154217383,0.3476619274265763,0.42480741154217383,0.02
48.368364572525024,0.03559372518793821,-0.6580880987353779,0.6685451763464865,0.37031214319234085,0.3702315095318781,0.37031214319234085,0.02
48.468297481536865,0.030626791632504813,-0.712386455705917,0.7213842983141106,0.318636860532413,0.39163317558700994,0.318636860532413,0.02
48.56836771965027,0.025950739052418015,-0.7635049112626295,0.7711289767658582,0.2699878628939527,0.41178148533554304,0.2699878628939527,0.02
48.668298959732056,0.021590799442585046,-0.8111676300533275,0.8175107892552622,0.22462766042619986,0.4305677184326445,0.22462766042619986,0.02
48.768293380737305,0.01756670763832796,-0.8551588714966023,0.8603197930965674,0.18276157159821294,0.4479068408526924,0.18276157159821294,0.02
48.86844444274902,0.01389773387120613,-0.8952679740443497,0.8993509881414241,0.1445900812064238,0.46371582046811,0.1445900812064238,0.02
48.96828627586365,0.010612941908485773,-0.9311772135328948,0.9342951888679643,0.1104155646242666,0.4778694264831975,0.1104155646242666,0.02
49.068471908569336,0.007724926505916274,-0.9627489044997679,0.9650184100259793,0.08036905593063803,0.49031339025240406,0.08036905593063803,0.02
49.16831135749817,0.005264090758715673,-0.9896506812914452,0.991197218084803,0.05476686467983338,0.5009167100452581,0.05476686467983338,0.02
49.268333196640015,0.0032461356120314366,-1.0117109016834283,1.0126645835993273,0.033772341311206766,0.5096117331780574,0.033772341311206766,0.02
49.36849904060364,0.0016940312684513015,-1.028678456164009,1.029176145471782,0.017624464602755907,0.51629948498172,0.017624464602755907,0.02
49.46831703186035,0.0006319250236443419,-1.0402893672779858,1.040475020478986,0.0065744596444181624,0.5208759188946646,0.0065744596444181624,0.02
49.57043981552124,7.889895637203104e-05,-1.046335030357557,1.0463582100754951,0.0008208537172071928,0.5232588135074983,0.0008208537172071928,0.02
52.66833233833313,7.888491861180961e-05,-1.0463351838178976,1.0463583594116834,0.0008207076703114052,0.523258873993803,0.0008207076703114052,0.02
52.768450021743774,7.872035085452583e-05,-1.0463369828672973,1.046360110112735,0.0008189955303603788,0.5232595830880853,0.0008189955303603788,0.02
52.86818242073059,7.837749915089611e-05,-1.0463407309110315,1.0463637574300955,0.0008154285491439448,0.5232610603773595,0.0008154285491439448,0.02
52.96818971633911,7.78628023129323e-05,-1.046346357560216,1.0463692328665382,0.000810073715162552,0.5232632781178875,0.000810073715162552,0.02
53.06810188293457,7.718492398324389e-05,-1.0463537681041901,1.046376444256693,0.0008030211637433017,0.523266198979517,0.0008030211637433017,0.02
53.16819095611572,7.635022536531624e-05,-1.0463628930024826,1.046385323928947,0.0007943370759583776,0.5232697955529114,0.0007943370759583776,0.02
53.26838254928589,7.536679685995e-05,-1.046373643811094,1.0463957858161779,0.0007841056232072033,0.5232740329779194,0.0007841056232072033,0.02
53.368303537368774,7.424275326922451e-05,-1.04638593181927,1.0464077435916797,0.0007724112307566967,0.5232788762892486,0.0007724112307566967,0.02
53.46832275390625,7.298527937940156e-05,-1.0463996784831602,1.0464211208224183,0.0007593286481191643,0.5232842945288854,0.0007593286481191643,0.02
53.56820321083069,7.160271263627539e-05,-1.0464147926580762,1.0464358288131643,0.0007449446169156226,0.5232902517722036,0.0007449446169156226,0.02
53.66848111152649,7.009925694442711e-05,-1.0464312283870696,1.046451822842033,0.0007293028739819045,0.5232967299052985,0.0007293028739819045,0.02
53.7683002948761,6.848830421102424e-05,-1.0464488392702442,1.0464689604435358,0.0007125427468488716,0.5233036712247355,0.0007125427468488716,0.02
53.86829423904419,6.677308100790154e-05,-1.0464675900348213,1.0464872072928282,0.000694697804319031,0.5233110618277693,0.000694697804319031,0.02
53.96832013130188,6.496201688810977e-05,-1.0464873885291992,1.0465064737148266,0.0006758557462844253,0.5233188653928993,0.0006758557462844253,0.02
54.06832957267761,6.30628691941163e-05,-1.0465081499503612,1.046526677185543,0.000656097279052118,0.5233270484950654,0.000656097279052118,0.02
54.16832232475281,6.108399165896195e-05,-1.046529782975568,1.0465477288364806,0.0006355093136933635,0.5233355751394625,0.0006355093136933635,0.02
54.2684531211853,5.9030879187630354e-05,-1.046552227534696,1.0465695702118634,0.000614149018431785,0.5233444216494861,0.000614149018431785,0.02
54.36849403381348,5.6912628002111854e-05,-1.0465753841881402,1.0465921045444653,0.000592111029089916,0.5233535488310737,0.000592111029089916,0.02
54.46837067604065,5.473961292673711e-05,-1.0465991395186574,1.046615221465061,0.0005695032838903744,0.5233629119808837,0.0005695032838903744,0.02
54.56824851036072,5.251451856048153e-05,-1.0466234641782977,1.0466388924144094,0.0005463537130257698,0.523372499531439,0.0005463537130257698,0.02
54.668296813964844,5.024708607600247e-05,-1.046648251676877,1.0466630137641846,0.0005227636622952539,0.523382269509695,0.0005227636622952539,0.02
54.768293380737305,4.7944737256677454e-05,-1.0466734208796993,1.0466875065601358,0.0004988103468960089,0.523392189936458,0.0004988103468960089,0.02
54.86830759048462,4.5614370172992025e-05,-1.0466988963772816,1.0467122974193632,0.00047456553338946967,0.5234022310891238,0.00047456553338946967,0.02
54.96830105781555,4.326483641278992e-05,-1.0467245814043515,1.0467372921771019,0.00045012131245869227,0.5234123548277162,0.00045012131245869227,0.02
55.068310260772705,4.0902886765971934e-05,-1.0467504021614922,1.046762419017249,0.0004255479183784881,0.5234225320642377,0.0004255479183784881,0.02
55.16849088668823,3.8534254184221076e-05,-1.0467762959762617,1.0467876169516461,0.00040090499597707723,0.5234327380963814,0.00040090499597707723,0.02
55.26847243309021,3.6170670923325436e-05,-1.0468021345920187,1.0468127611704703,0.0003763146060042809,0.5234429223718662,0.0003763146060042809,0.02
55.368305921554565,3.381945189119263e-05,-1.0468278380424267,1.0468377738564314,0.0003518528517398267,0.5234530533720066,0.0003518528517398267,0.02
55.468334674835205,3.148416304207579e-05,-1.0468533673445894,1.046862617074274,0.0003275568328734784,0.5234631157317168,0.0003275568328734784,0.02
55.56829881668091,2.9174715308180352e-05,-1.0468786141525164,1.0468871853897401,0.0003035296613590042,0.523473066746487,0.0003035296613590042,0.02
55.66849160194397,2.6896791967327697e-05,-1.0469035163367983,1.04691141834311,0.00027983046522470957,0.5234828819280464,0.00027983046522470957,0.02
55.76837134361267,2.4662957548023662e-05,-1.0469279365424158,1.0469351822706963,0.00025658996406947366,0.5234925071379936,0.00025658996406947366,0.02
55.86826825141907,2.247621228871101e-05,-1.0469518419708594,1.0469584452554292,0.00023383937195481917,0.5235019294488147,0.00023383937195481917,0.02
55.96843361854553,2.0344485049943096e-05,-1.0469751459440821,1.0469811229486807,0.00021166117963800969,0.5235111146964077,0.00021166117963800969,0.02
56.0685293674469,1.827621908203808e-05,-1.0469977561607444,1.0470031255296535,0.00019014322951554398,0.523520026500253,0.00019014322951554398,0.02
56.16836667060852,1.628047127330284e-05,-1.0470195736112362,1.0470243566495598,0.000169379748187809,0.5235286258357698,0.000169379748187809,0.02
56.26845836639404,1.4361768821102234e-05,-1.0470405488043826,1.0470447681472697,0.00014941783598358465,0.52353689319604,0.00014941783598358465,0.02
56.368391036987305,1.2530465410794637e-05,-1.0470605685540297,1.0470642498784377,0.00013036521119857438,0.5235447839688067,0.00013036521119857438,0.02
56.468323707580566,1.0793043113619787e-05,-1.0470795619983848,1.0470827328856382,0.00011228931239618922,0.5235522702239349,0.00011228931239618922,0.02
56.5682909488678,9.157040343444725e-06,-1.0470974467277512,1.0471001369738846,9.526856818092714e-05,0.5235593194796903,9.526856818092714e-05,0.02
56.66828751564026,7.629559086955068e-06,-1.0471141451034403,1.0471163865909803,7.937686662987434e-05,0.5235659011348286,7.937686662987434e-05,0.02
56.76846981048584,6.217779722924029e-06,-1.0471295786297832,1.0471314053507794,6.468891140044256e-05,0.5235719842503275,6.468891140044256e-05,0.02
56.86829376220703,4.931784562348571e-06,-1.0471436370872826,1.0471450859958658,5.1309597447399854e-05,0.5235775253832353,5.1309597447399854e-05,0.02
56.96840524673462,3.7764258759835796e-06,-1.0471562674310715,1.0471573769069205,3.928940711765152e-05,0.5235825036259485,3.928940711765152e-05,0.02
57.06829643249512,2.7608187847115207e-06,-1.0471673700149429,1.047168181115668,2.8723172855164023e-05,0.5235868797029724,2.8723172855164023e-05,0.02
57.16832661628723,1.8915715809109107e-06,-1.0471768725972588,1.0471774283219188,1.9679646410438725e-05,0.5235906251403065,1.9679646410438725e-05,0.02
57.26836371421814,1.1771073439930616e-06,-1.0471846830971872,1.0471850289194573,1.224646032467816e-05,0.5235937036443445,1.224646032467816e-05,0.02
57.3682918548584,6.244809097654872e-07,-1.047190724391491,1.0471909078576866,6.497012123821318e-06,0.523596084817007,6.497012123821318e-06,0.02
57.46839356422424,2.413945221437679e-07,-1.0471949122794895,1.0471949831987666,2.5114348772984144e-06,0.523597735470644,2.5114348772984144e-06,0.02
57.57033824920654,3.542231083852995e-08,-1.0471971639610413,1.047197174367759,3.6852877225357003e-07,0.5235986229696278,3.6852877225357003e-07,0.02
59.06844925880432,3.541603949434019e-08,-1.0471971640295994,1.0471971744344748,3.6846352606494137e-07,0.5235986229966499,3.6846352606494137e-07,0.02
59.16833186149597,3.534238709030081e-08,-1.047197164834765,1.047197175218002,3.6769725674508003e-07,0.5235986233140055,3.6769725674508003e-07,0.02
59.26828455924988,3.5188407913245226e-08,-1.0471971665180606,1.04719717685606,3.660952789031606e-07,0.5235986239774755,3.660952789031606e-07,0.02
59.36842489242554,3.4957428295498896e-08,-1.0471971690431223,1.0471971793132622,3.636921992358944e-07,0.523598624972727,3.636921992358944e-07,0.02
59.46854043006897,3.4652953510368023e-08,-1.0471971723716307,1.047197182552319,3.605244861169525e-07,0.5235986262846567,3.605244861169525e-07,0.02
59.56836485862732,3.427850924700462e-08,-1.0471971764650434,1.0471971865357237,3.566288203236128e-07,0.523598627898073,3.566288203236128e-07,0.02
59.66841721534729,3.383726608016164e-08,-1.0471971812886993,1.0471971912297469,3.520381880725671e-07,0.5235986297993142,3.520381880725671e-07,0.02
59.76833152770996,3.3332867974933703e-08,-1.0471971868027632,1.0471971965956237,3.4679050066747314e-07,0.5235986319726792,3.4679050066747314e-07,0.02
59.86829495429993,3.276841501087143e-08,-1.0471971929733448,1.0471972026003746,3.409180109027881e-07,0.5235986344048104,3.409180109027881e-07,0.02
59.96829557418823,3.214750374836406e-08,-1.0471971997611265,1.0471972092057389,3.3445813689023905e-07,0.5235986370802107,3.3445813689023905e-07,0.02
60.06839895248413,3.1473462363518736e-08,-1.047197207129725,1.047197216376311,3.2744550450898435e-07,0.5235986399845396,3.2744550450898435e-07,0.02
60.168314695358276,3.074974377305602e-08,-1.0471972150413933,1.047197224075358,3.1991603742209403e-07,0.523598643102919,3.1991603742209403e-07,0.02
60.268282651901245,2.997979125651695e-08,-1.0471972234584894,1.0471972322662497,3.119055590287689e-07,0.5235986464205126,3.119055590287689e-07,0.02
60.368446588516235,2.9166401619607933e-08,-1.0471972323504386,1.0471972409192332,3.034431669047689e-07,0.5235986499252693,3.034431669047689e-07,0.02
60.46832776069641,2.8314418405529556e-08,-1.0471972416642914,1.0471972499827822,2.945792525967439e-07,0.523598653596319,2.945792525967439e-07,0.02
60.56829857826233,2.74257389898779e-08,-1.0471972513793062,1.0471972594367116,2.8533355613526715e-07,0.5235986574254864,2.8533355613526715e-07,0.02
60.66831588745117,2.6504588550326298e-08,-1.047197261449293,1.0471972692360738,2.7575003567845e-07,0.5235986613945659,2.7575003567845e-07,0.02
60.768301010131836,2.5554084722320986e-08,-1.04719727184017,1.0471972793477025,2.6586112666983454e-07,0.5235986654901241,2.6586112666983454e-07,0.02
60.8683705329895,2.4577412914787193e-08,-1.0471972825171147,1.0471972897377106,2.556999696587681e-07,0.5235986696984356,2.556999696587681e-07,0.02
60.968287229537964,2.3578783839991466e-08,-1.0471972934340954,1.0471973003613042,2.45310372307291e-07,0.5235986740013573,2.45310372307291e-07,0.02
61.06830072402954,2.2560750474866075e-08,-1.0471973045632033,1.0471973111913242,2.3471889543066836e-07,0.5235986783878888,2.3471889543066836e-07,0.02
61.16847586631775,2.152613665422413e-08,-1.0471973158735681,1.04719732219773,2.2395491781170914e-07,0.5235986828458625,2.2395491781170914e-07,0.02
61.26849865913391,2.0480012501599127e-08,-1.0471973273097634,1.0471973333265845,2.1307118830718604e-07,0.5235986873534323,2.1307118830718604e-07,0.02
61.36854839324951,1.9425160454138334e-08,-1.0471973388413718,1.047197344548288,2.0209665500437726e-07,0.5235986918986092,2.0209665500437726e-07,0.02
61.468430519104004,1.8365095193490568e-08,-1.047197350429971,1.0471973558254508,1.9106788416003574e-07,0.5235986964662488,1.9106788416003574e-07,0.02
61.56829762458801,1.730313078198398e-08,-1.0471973620393316,1.047197367122817,1.8001935481553548e-07,0.5235987010420716,1.8001935481553548e-07,0.02
61.66831660270691,1.6241771166381382e-08,-1.0471973736420805,1.0471973784137492,1.6897711768310962e-07,0.5235987056152884,1.6897711768310962e-07,0.02
61.76847791671753,1.518469302347065e-08,-1.0471973851980247,1.0471973896591344,1.5797942439430148e-07,0.5235987101700571,1.5797942439430148e-07,0.02
61.86847186088562,1.413620823660241e-08,-1.0471973966600265,1.047197400813102,1.470711351809732e-07,0.5235987146877985,1.470711351809732e-07,0.02
61.96837592124939,1.3099736905897118e-08,-1.0471974079906976,1.0471974118392682,1.3628783228687276e-07,0.523598719153776,1.3628783228687276e-07,0.02
62.06830596923828,1.2078192491277636e-08,-1.047197419158188,1.0471974227066392,1.2565982694192746e-07,0.5235987235554359,1.2565982694192746e-07,0.02
62.16832613945007,1.1074451214809384e-08,-1.0471974301310552,1.0471974333846172,1.1521704295859922e-07,0.5235987278803851,1.1521704295859922e-07,0.02
62.26832365989685,1.009251757754498e-08,-1.047197440865522,1.0471974438306018,1.0500114260627337e-07,0.523598732111369,1.0500114260627337e-07,0.02
62.36836838722229,9.135857033726523e-09,-1.0471974513237041,1.0471974540077267,9.504817998664209e-08,0.5235987362334554,9.504817998664209e-08,0.02
62.468260288238525,8.20759297584562e-09,-1.0471974614714568,1.0471974638827648,8.539065043874308e-08,0.5235987402331863,8.539065043874308e-08,0.02
62.56837773323059,7.31052101988051e-09,-1.0471974712782184,1.0471974734259757,7.605763916057063e-08,0.5235987440985157,7.605763916057063e-08,0.02
62.66842269897461,6.449699335176497e-09,-1.0471974806886932,1.0471974825835497,6.71017706391937e-08,0.5235987478076489,6.71017706391937e-08,0.02
62.76833486557007,5.627232643666904e-09,-1.0471974896798724,1.0471974913330966,5.8544942107504813e-08,0.523598751351517,5.8544942107504813e-08,0.02
62.86833381652832,4.847031828782931e-09,-1.0471974982090024,1.0471974996330116,5.042784185023776e-08,0.5235987547132688,5.042784185023776e-08,0.02
62.968218088150024,4.11282901009304e-09,-1.0471975062352838,1.0471975074435915,4.2789298317877776e-08,0.523598757876823,4.2789298317877776e-08,0.02
63.06823968887329,3.426928207464989e-09,-1.0471975137335294,1.0471975147403263,3.565328221117868e-08,0.5235987608322521,3.565328221117868e-08,0.02
63.16823601722717,2.7933771845658537e-09,-1.0471975206594886,1.0471975214801545,2.906190589772125e-08,0.5235987635621149,2.906190589772125e-08,0.02
63.268182039260864,2.2155362793650673e-09,-1.0471975269764267,1.0471975276273289,2.3050129864185235e-08,0.5235987660519325,2.3050129864185235e-08,0.02
63.36832523345947,1.6962101364591368e-09,-1.0471975326536833,1.0471975331520127,1.7647133241047662e-08,0.5235987682896198,1.7647133241047662e-08,0.02
63.468477725982666,1.2400359722564762e-09,-1.0471975376405644,1.0471975380048746,1.2901160979843838e-08,0.5235987702551962,1.2901160979843838e-08,0.02
63.5682258605957,8.501547636241576e-10,-1.0471975419027333,1.0471975421525002,8.844891364996475e-09,0.5235987719351275,8.844891364996475e-09,0.02
63.66829013824463,5.291113390196464e-10,-1.0471975454123696,1.047197545567817,5.50480043617743e-09,0.5235987733184486,5.50480043617743e-09,0.02
63.768534898757935,2.806132647436219e-10,-1.0471975481289424,1.0471975482113838,2.919461195104966e-09,0.5235987743891843,2.919461195104966e-09,0.02
63.86820101737976,1.0870741264395913e-10,-1.0471975500082118,1.047197550040149,1.1309767309975375e-09,0.5235987751298972,1.1309767309975375e-09,0.02
63.97012448310852,1.6022001100804028e-11,-1.0471975510214457,1.0471975510261526,1.6669066063020948e-10,0.5235987755292627,1.6669066063020948e-10,0.02
72.16846919059753,1.6007865949784464e-11,-1.0471975510216003,1.047197551026303,1.6654360049416689e-10,0.5235987755293237,1.6654360049416689e-10,0.02
72.26842069625854,1.5956999275452713e-11,-1.0471975510221563,1.047197551026844,1.6601439072223672e-10,0.5235987755295428,1.6601439072223672e-10,0.02
72.36845827102661,1.587049271071018e-11,-1.047197551023102,1.0471975510277645,1.6511438851058668e-10,0.5235987755299155,1.6511438851058668e-10,0.02
72.46829152107239,1.5750014383973572e-11,-1.0471975510244191,1.047197551029046,1.6386094883416953e-10,0.5235987755304347,1.6386094883416953e-10,0.02
72.5684142112732,1.559695199913564e-11,-1.0471975510260925,1.0471975510306744,1.622685091703756e-10,0.5235987755310941,1.622685091703756e-10,0.02
72.66854238510132,1.5412780283130586e-11,-1.0471975510281057,1.0471975510326337,1.6035241237215847e-10,0.5235987755318877,1.6035241237215847e-10,0.02
72.7683093547821,1.5199510092268053e-11,-1.0471975510304372,1.0471975510349025,1.5813357910757818e-10,0.5235987755328066,1.5813357910757818e-10,0.02
72.86850833892822,1.4957966928634122e-11,-1.0471975510330778,1.047197551037472,1.556205977849873e-10,0.5235987755338475,1.556205977849873e-10,0.02
72.96836113929749,1.4690408717128584e-11,-1.0471975510360028,1.0471975510403184,1.5283695953953385e-10,0.5235987755350003,1.5283695953953385e-10,0.02
73.06852173805237,1.439769236967523e-11,-1.0471975510392026,1.0471975510434324,1.4979157956313295e-10,0.5235987755362616,1.4979157956313295e-10,0.02
73.1683406829834,1.4082114753637859e-11,-1.0471975510426526,1.0471975510467895,1.4650835414288652e-10,0.5235987755376214,1.4650835414288652e-10,0.02
73.2684314250946,1.3744471356773711e-11,-1.0471975510463436,1.0471975510503815,1.4299555942226402e-10,0.5235987755390762,1.4299555942226402e-10,0.02
73.36851143836975,1.338647750912091e-11,-1.0471975510502571,1.0471975510541898,1.392710414552916e-10,0.5235987755406187,1.392710414552916e-10,0.02
73.46828651428223,1.3010408055732609e-11,-1.0471975510543683,1.0471975510581906,1.3535846741202858e-10,0.5235987755422391,1.3535846741202858e-10,0.02
73.56833791732788,1.2616840528535514e-11,-1.0471975510586709,1.0471975510623774,1.3126384585393932e-10,0.523598775543935,1.3126384585393932e-10,0.02
73.66848611831665,1.2207327717648478e-11,-1.0471975510631475,1.0471975510667337,1.2700333179244246e-10,0.5235987755456994,1.2700333179244246e-10,0.02
73.76845145225525,1.1784253221827913e-11,-1.0471975510677727,1.0471975510712346,1.2260172385592924e-10,0.5235987755475224,1.2260172385592924e-10,0.02
73.86841869354248,1.1348592006296857e-11,-1.0471975510725353,1.0471975510758693,1.1806916544634406e-10,0.5235987755493996,1.1806916544634406e-10,0.02
73.96827149391174,1.0902132487929883e-11,-1.0471975510774159,1.0471975510806188,1.1342426300294694e-10,0.5235987755513234,1.1342426300294694e-10,0.02
74.06823921203613,1.0445951316346484e-11,-1.047197551082403,1.0471975510854716,1.0867821783793421e-10,0.5235987755532889,1.0867821783793421e-10,0.02
74.16848683357239,9.98145904284877e-12,-1.0471975510874807,1.047197551090413,1.0384570512995066e-10,0.5235987755552904,1.0384570512995066e-10,0.02
74.26832842826843,9.51141008186586e-12,-1.0471975510926192,1.0471975510954135,9.895538142183077e-11,0.5235987755573157,9.895538142183077e-11,0.02
74.3684949874878,9.035765080801272e-12,-1.047197551097819,1.0471975511004734,9.400683729465966e-11,0.5235987755593652,9.400683729465966e-11,0.02
74.4684796333313,8.557188677864803e-12,-1.0471975511030507,1.0471975511055647,8.902779527203078e-11,0.5235987755614273,8.902779527203078e-11,0.02
74.56829500198364,8.07732134078591e-12,-1.0471975511082967,1.0471975511106697,8.403532255097186e-11,0.523598775563495,8.403532255097186e-11,0.02
74.66845703125,7.596405425167658e-12,-1.047197551113554,1.0471975511157856,7.903194056531179e-11,0.5235987755655672,7.903194056531179e-11,0.02
74.76826214790344,7.117727345714389e-12,-1.047197551118787,1.047197551120878,7.405184071440983e-11,0.5235987755676297,7.405184071440983e-11,0.02
74.86828422546387,6.641411809382364e-12,-1.047197551123994,1.047197551125945,6.909632043201306e-11,0.523598775569682,6.909632043201306e-11,0.02
74.96833372116089,6.169496128834152e-12,-1.047197551129153,1.0471975511309655,6.418657563438046e-11,0.5235987755717155,6.418657563438046e-11,0.02
75.06846356391907,5.703224203445589e-12,-1.0471975511342502,1.0471975511359257,5.933554767680288e-11,0.5235987755737246,5.933554767680288e-11,0.02
75.16824579238892,5.245227688204688e-12,-1.047197551139257,1.047197551140798,5.457061593004321e-11,0.523598775575698,5.457061593004321e-11,0.02
75.26830983161926,4.7955325285539824e-12,-1.0471975511441731,1.0471975511455818,4.9892050326860085e-11,0.5235987755776357,4.9892050326860085e-11,0.02
75.36836361885071,4.356641017095747e-12,-1.047197551148971,1.047197551150251,4.532588436983159e-11,0.5235987755795268,4.532588436983159e-11,0.02
75.46829009056091,3.929859899864405e-12,-1.0471975511536367,1.047197551154791,4.088571326210265e-11,0.5235987755813657,4.088571326210265e-11,0.02
75.56835222244263,3.516550919267139e-12,-1.0471975511581548,1.047197551159188,3.6585704381395534e-11,0.5235987755831466,3.6585704381395534e-11,0.02
75.66833305358887,3.1185424844724127e-12,-1.0471975511625058,1.047197551163422,3.244488024120749e-11,0.5235987755848616,3.244488024120749e-11,0.02
75.76818752288818,2.7374649832025842e-12,-1.0471975511666718,1.047197551167476,2.8480203167580933e-11,0.5235987755865036,2.8480203167580933e-11,0.02
75.86823558807373,2.3744470115527814e-12,-1.0471975511706402,1.0471975511713378,2.470341491658601e-11,0.5235987755880678,2.470341491658601e-11,0.02
75.9682629108429,2.031159138801684e-12,-1.0471975511743932,1.0471975511749898,2.113189585756236e-11,0.5235987755895469,2.113189585756236e-11,0.02
76.06835007667542,1.70903727574625e-12,-1.0471975511779146,1.0471975511784166,1.7780585005795548e-11,0.5235987755909348,1.7780585005795548e-11,0.02
76.16829919815063,1.410013634500782e-12,-1.0471975511811835,1.0471975511815976,1.4669584826126557e-11,0.5235987755922233,1.4669584826126557e-11,0.02
76.26826572418213,1.1352774062294355e-12,-1.047197551184187,1.0471975511845204,1.1811267497256546e-11,0.5235987755934071,1.1811267497256546e-11,0.02
76.36822819709778,8.86524847253481e-13,-1.0471975511869063,1.0471975511871665,9.223280632926837e-12,0.523598775594479,9.223280632926837e-12,0.02
76.4684009552002,6.65007227427289e-13,-1.047197551189328,1.047197551189523,6.918642269857043e-12,0.5235987755954334,6.918642269857043e-12,0.02
76.56848526000977,4.727070000998705e-13,-1.04719755119143,1.047197551191569,4.917977575673591e-12,0.523598775596262,4.917977575673591e-12,0.02
76.66850256919861,3.109758459398223e-13,-1.0471975511931981,1.0471975511932894,3.2353492471764855e-12,0.5235987755969589,3.2353492471764855e-12,0.02
76.76819086074829,1.8148806784157571e-13,-1.0471975511946137,1.047197551194667,1.8881764977219027e-12,0.5235987755975168,1.8881764977219027e-12,0.02
76.86832690238953,8.537788816054187e-14,-1.0471975511956644,1.0471975511956895,8.882596182058057e-13,0.5235987755979309,8.882596182058057e-13,0.02
76.96824288368225,2.454328249630177e-14,-1.0471975511963294,1.0471975511963365,2.5534488155396807e-13,0.523598775598193,2.5534488155396807e-13,0.02
77.07059121131897,3.6316368269623457e-16,-1.0471975511965936,1.0471975511965939,3.778304208358953e-15,0.5235987755982973,3.778304208358953e-15,0.02
82.76838779449463,3.631591852244681e-16,-1.0471975511965936,1.0471975511965939,3.778257417291146e-15,0.5235987755982973,3.778257417291146e-15,0.02
82.86860036849976,3.6264276400070843e-16,-1.0471975511965936,1.0471975511965939,3.772884643040894e-15,0.5235987755982973,3.772884643040894e-15,0.02
82.96816492080688,3.612972913009614e-16,-1.0471975511965936,1.0471975511965939,3.758886533081373e-15,0.5235987755982973,3.758886533081373e-15,0.02
83.06832313537598,3.5914856112965906e-16,-1.0471975511965936,1.0471975511965939,3.736531444630389e-15,0.5235987755982973,3.736531444630389e-15,0.02
83.16844320297241,3.562369609017916e-16,-1.0471975511965936,1.0471975511965939,3.706239562709993e-15,0.5235987755982973,3.706239562709993e-15,0.02
83.26841711997986,3.5259757528590547e-16,-1.0471975511965939,1.0471975511965939,3.668375903309211e-15,0.5235987755982973,3.668375903309211e-15,0.02
83.36837720870972,3.48265901757505e-16,-1.0471975511965939,1.047197551196594,3.623309777202979e-15,0.5235987755982974,3.623309777202979e-15,0.02
83.46862626075745,3.432693859269338e-16,-1.0471975511965939,1.047197551196594,3.571326724686216e-15,0.5235987755982974,3.571326724686216e-15,0.02
83.56842184066772,3.3765591036615605e-16,-1.0471975511965939,1.047197551196594,3.512924909346803e-15,0.5235987755982974,3.512924909346803e-15,0.02
83.66833591461182,3.314543834643275e-16,-1.047197551196594,1.047197551196594,3.4484050900260234e-15,0.5235987755982974,3.4484050900260234e-15,0.02
83.76847267150879,3.2469249929281085e-16,-1.047197551196594,1.0471975511965943,3.3780553919725226e-15,0.5235987755982974,3.3780553919725226e-15,0.02
83.86831378936768,3.174137172421819e-16,-1.047197551196594,1.0471975511965943,3.3023279606130874e-15,0.5235987755982975,3.3023279606130874e-15,0.02
83.96830296516418,3.096505714699484e-16,-1.0471975511965943,1.0471975511965945,3.2215612767762895e-15,0.5235987755982975,3.2215612767762895e-15,0.02
84.06828212738037,3.0143872078428187e-16,-1.0471975511965943,1.0471975511965945,3.1361263297195893e-15,0.5235987755982975,3.1361263297195893e-15,0.02
84.16830611228943,2.9280903969614936e-16,-1.0471975511965943,1.0471975511965945,3.0463443335408595e-15,0.5235987755982976,3.0463443335408595e-15,0.02
84.26834440231323,2.83801293739792e-16,-1.0471975511965945,1.0471975511965947,2.9526290033017377e-15,0.5235987755982976,2.9526290033017377e-15,0.02
84.36833214759827,2.744484337146484e-16,-1.0471975511965945,1.0471975511965947,2.8553231545152267e-15,0.5235987755982976,2.8553231545152267e-15,0.02
84.46832346916199,2.647848279777773e-16,-1.0471975511965947,1.047197551196595,2.7547843507657277e-15,0.5235987755982977,2.7547843507657277e-15,0.02
84.5681939125061,2.5484904065757805e-16,-1.0471975511965947,1.047197551196595,2.651413807856379e-15,0.5235987755982977,2.651413807856379e-15,0.02
84.66855263710022,2.446577796591223e-16,-1.047197551196595,1.0471975511965952,2.545385352496877e-15,0.5235987755982978,2.545385352496877e-15,0.02
84.76844596862793,2.3427477277427627e-16,-1.047197551196595,1.0471975511965952,2.4373619997288435e-15,0.5235987755982978,2.4373619997288435e-15,0.02
84.86843419075012,2.237200496972177e-16,-1.0471975511965952,1.0471975511965954,2.327552135691667e-15,0.5235987755982978,2.327552135691667e-15,0.02
84.9684522151947,2.1302767464236356e-16,-1.0471975511965952,1.0471975511965954,2.2163101597122045e-15,0.5235987755982979,2.2163101597122045e-15,0.02
85.0683159828186,2.0224025638701443e-16,-1.0471975511965954,1.0471975511965956,2.1040793675555845e-15,0.5235987755982979,2.1040793675555845e-15,0.02
85.16828894615173,1.9138288579152789e-16,-1.0471975511965956,1.0471975511965956,1.991120801026914e-15,0.523598775598298,1.991120801026914e-15,0.02
85.26833462715149,1.8048778553673044e-16,-1.0471975511965956,1.0471975511965959,1.8777697003948996e-15,0.523598775598298,1.8777697003948996e-15,0.02
85.36857771873474,1.695945039951732e-16,-1.0471975511965959,1.0471975511965959,1.7644375214012998e-15,0.523598775598298,1.7644375214012998e-15,0.02
85.46829628944397,1.5875424818589547e-16,-1.0471975511965959,1.047197551196596,1.6516570147168236e-15,0.5235987755982981,1.6516570147168236e-15,0.02
85.56833624839783,1.479760998814232e-16,-1.047197551196596,1.047197551196596,1.5395226658337965e-15,0.5235987755982981,1.5395226658337965e-15,0.02
85.6683259010315,1.3731016500378109e-16,-1.047197551196596,1.0471975511965963,1.428555769763449e-15,0.5235987755982983,1.428555769763449e-15,0.02
85.76832389831543,1.2678517276584693e-16,-1.0471975511965963,1.0471975511965963,1.3190552212221055e-15,0.5235987755982983,1.3190552212221055e-15,0.02
85.8683066368103,1.1643947750634567e-16,-1.0471975511965963,1.0471975511965965,1.211420053390446e-15,0.5235987755982984,1.211420053390446e-15,0.02
85.96834325790405,1.0630257104665404e-16,-1.0471975511965965,1.0471975511965965,1.1059570950570548e-15,0.5235987755982984,1.1059570950570548e-15,0.02
86.06830763816833,9.641921327384404e-17,-1.0471975511965965,1.0471975511965965,1.0031320218325387e-15,0.5235987755982984,1.0031320218325387e-15,0.02
86.16827011108398,8.681652376497207e-17,-1.0471975511965967,1.0471975511965967,9.032269820070586e-16,0.5235987755982985,9.032269820070586e-16,0.02
86.26853227615356,7.752091263190643e-17,-1.0471975511965967,1.0471975511965967,8.065167426940946e-16,0.5235987755982985,8.065167426940946e-16,0.02
86.36851668357849,6.858582573846828e-17,-1.047197551196597,1.047197551196597,7.135573471926225e-16,0.5235987755982985,7.135573471926225e-16,0.02
86.46830940246582,6.004497992632737e-17,-1.047197551196597,1.047197551196597,6.24699580811977e-16,0.5235987755982986,6.24699580811977e-16,0.02
86.56832766532898,5.191932130702758e-17,-1.047197551196597,1.0471975511965972,5.401613639697704e-16,0.5235987755982986,5.401613639697704e-16,0.02
86.66820335388184,4.425190447711719e-17,-1.0471975511965972,1.0471975511965972,4.603906306722884e-16,0.5235987755982986,4.603906306722884e-16,0.02
86.76854586601257,3.706724259655725e-17,-1.0471975511965972,1.0471975511965972,3.856424124104371e-16,0.5235987755982987,3.856424124104371e-16,0.02
86.86832737922668,3.042044404888261e-17,-1.0471975511965972,1.0471975511965974,3.1649004910598367e-16,0.5235987755982987,3.1649004910598367e-16,0.02
86.96848177909851,2.4327136551634147e-17,-1.0471975511965974,1.0471975511965974,2.5309612934849557e-16,0.5235987755982987,2.5309612934849557e-16,0.02
87.068363904953,1.8837489435774914e-17,-1.0471975511965974,1.0471975511965974,1.959826078469367e-16,0.5235987755982987,1.959826078469367e-16,0.02
87.16816115379333,1.397698232810162e-17,-1.0471975511965974,1.0471975511965974,1.4541457107812446e-16,0.5235987755982987,1.4541457107812446e-16,0.02
87.26834392547607,9.77827002551679e-18,-1.0471975511965976,1.0471975511965976,1.0173175498603702e-16,0.5235987755982988,1.0173175498603702e-16,0.02
87.36831569671631,6.2825837479575935e-18,-1.0471975511965976,1.0471975511965976,6.536312342148713e-17,0.5235987755982988,6.536312342148713e-17,0.02
87.46831822395325,3.5228095467034085e-18,-1.0471975511965976,1.0471975511965976,3.6650818266676327e-17,0.5235987755982988,3.6650818266676327e-17,0.02
87.5682966709137,1.5330822967091981e-18,-1.0471975511965976,1.0471975511965976,1.5949973990824244e-17,0.5235987755982988,1.5949973990824244e-17,0.02
87.67008066177368,3.488172698859328e-19,-1.0471975511965976,1.0471975511965976,3.629046134166422e-18,0.5235987755982988,3.629046134166422e-18,0.02
95.97242903709412,0.0015613473500058522,-1.012788432909081,1.0585362492922759,0.0008836806251959227,0.48308526449262074,0.00046822769126474275,0.02
96.07109117507935,0.001973858552056875,-0.7020997052052732,1.0601300984780004,0.000273686412304657,0.1708167482586808,-0.0002524669944994209,0.02
96.17226028442383,0.00735078698165489,-0.20929034291507112,0.8682237074903553,0.029134705189607327,-0.13016097594316545,0.025619581887376515,0.02
96.27085900306702,0.04111613076813013,0.17107578406496746,0.5076492771627452,0.208631978236076,-0.1532757029554957,0.1858685687502529,0.02
96.37029933929443,0.0302169576996089,0.5087070146977073,0.057112629969412305,0.3982816415565762,-0.04366129530127771,0.38308802977584083,0.02
96.47111177444458,0.08312368126617489,0.948696979371803,-0.817014221163931,-0.17532964097190507,0.40345204559103826,-0.20280318306161427,0.02
96.57006359100342,0.10278116750407731,1.1857431263630054,-1.3012765573599074,-0.14394629981415524,0.6497070487376408,-0.16627885368688478,0.02
105.1720061302185,0.1251127726691013,0.8389582475521482,-0.6465386373012784,-0.30446053432462933,0.35673421412616885,-0.3491766441100864,0.02
105.27194738388062,0.15618660767669673,0.3952035804640659,0.059773078809688816,-0.9817600218801635,0.15437478782573907,-1.0554394336993393,0.02
105.37157988548279,0.3000098397898643,0.012701647188400389,0.5538764007740921,-1.615418788886525,0.256147168823858,-1.7721919636532462,0.02
130.26824402809143,0.2999449305547452,0.012472330555590232,0.5539831342684483,-1.6150692816901706,0.2562050338566825,-1.7718085374798729,0.02
130.36839842796326,0.2992911145289635,0.010162476045142713,0.5550582365858562,-1.6115487748519197,0.25678789522800505,-1.7679463724675202,0.02
130.46828651428223,0.2979597984921942,0.005459094312206302,0.5572473859794059,-1.6043802335092445,0.2579747316777959,-1.7600821384707361,0.02
130.56830954551697,0.29597740945452944,-0.0015444511494354385,0.5605071271976633,-1.5937059552903383,0.2597419841577374,-1.7483719428190048,0.02
130.66833686828613,0.2933730655136123,-0.010745289552703537,0.5647895798996446,-1.579682728126099,0.26206369457923373,-1.7329877893995198,0.02
130.7685923576355,0.29017312592282063,-0.022050296780253324,0.5700514002496624,-1.5624524848051222,0.2649163642974597,-1.7140853852952116,0.02
130.86852431297302,0.2864160160032987,-0.035323720727730774,0.5762294035746887,-1.542222128493613,0.26826573805636095,-1.6918917132123144,0.02
130.96851444244385,0.28212007962679864,-0.05050075467086618,0.5832934261310199,-1.5190904327355002,0.27209546273239316,-1.6665151324703908,0.02
131.06845593452454,0.2773196855372087,-0.06745997791185104,0.5911869536780383,-1.4932424578430268,0.2763748994112388,-1.6381586631162575,0.02
131.16823840141296,0.27204735467479657,-0.0860864978240152,0.5998565104108274,-1.464853314532486,0.2810750564513754,-1.6070144100123183,0.02
131.26853799819946,0.26631245454268776,-0.10634722012931576,0.6092866928765484,-1.4339734426180004,0.28618758294749896,-1.5731377080561562,0.02
131.36847972869873,0.26016485690933305,-0.12806595378201888,0.6193954944376753,-1.4008713792643734,0.2916680194091667,-1.5368231554093632,0.02
131.4681396484375,0.2536369309197471,-0.15112834243008771,0.6301296888938009,-1.3657214178383614,0.2974875095166988,-1.4982619602626626,0.02
131.56855845451355,0.24672862797398312,-0.17553455777137317,0.641489356160243,-1.32852329665099,0.30364609659578695,-1.4574538355306863,0.02
131.66842222213745,0.23950049246573576,-0.2010707036403739,0.6533749400692106,-1.2896030201799942,0.31008980676548736,-1.4147564237761756,0.02
131.76829600334167,0.23196246479419386,-0.2277016617851711,0.6657700951262794,-1.2490141130285337,0.3168097783973385,-1.3702284440583794,0.02
131.86853528022766,0.2241408603569665,-0.2553344630256519,0.6786315496099904,-1.2068982718415069,0.3237825519428854,-1.3240253443992556,0.02
131.96842861175537,0.21608085263724058,-0.28380951480094707,0.6918850225077277,-1.1634987356191768,0.3309678563207851,-1.2764139696593928,0.02
132.06876754760742,0.20779722557818464,-0.31307458719245035,0.7055062038440024,-1.118895109282452,0.3383525119988007,-1.2274816502586627,0.02
132.16828775405884,0.19934200108281147,-0.34294589298391454,0.7194095514077344,-1.0733675075089688,0.3458901426928809,-1.1775356854460424,0.02
132.26840472221375,0.19071294786254012,-0.3734313150533813,0.7335987342180814,-1.026903915807804,0.35358273754350383,-1.126562894748203,0.02
132.36826634407043,0.1819528309478185,-0.40437976961799055,0.7480034316014508,-0.9797346047385539,0.36139217254742007,-1.0748158960237397,0.02
132.46810126304626,0.17309761286282102,-0.4356642053431225,0.7625645085847689,-0.9320532164073838,0.3692863879732525,-1.0225071239593924,0.02
132.568430185318,0.16415398162484757,-0.46726099425650847,0.7772709677274492,-0.8838957627958144,0.37725942161331405,-0.9696760854277349,0.02
132.66840744018555,0.15517136005866147,-0.49899553137724095,0.7920415406124744,-0.835528363707711,0.38526721419973703,-0.9166147266293587,0.02
132.76849555969238,0.14617052918921922,-0.5307943998076993,0.8068420559635101,-0.7870629156668361,0.39329123994510407,-0.8634458034227055,0.02
132.86846590042114,0.13718231672545642,-0.56254868890678,0.8216218222404135,-0.7386654120961648,0.4013040166831844,-0.8103514185617109,0.02
132.9680516719818,0.1282504354200277,-0.5941039667014175,0.8363089603826745,-0.690571226615448,0.4092665755390163,-0.7575897882069447,0.02
133.06819653511047,0.1193700847354881,-0.6254771929213102,0.850911364153567,-0.6427545104778887,0.4171831960770766,-0.7051325550422365,0.02
133.1684491634369,0.11058417919622146,-0.6565167556392448,0.8653584670591594,-0.5954463392010578,0.42501562102384227,-0.6532332200037232,0.02
133.26817154884338,0.10194447006980648,-0.6870398237618797,0.8795651719077211,-0.5489253702118377,0.432717715360288,-0.6021974836663462,0.02
133.3682644367218,0.09344894136767595,-0.7170535195378311,0.8935347936898532,-0.5031807483135726,0.44029127629207165,-0.5520134373582428,0.02
133.4681453704834,0.08513849465420201,-0.7464133425889744,0.9072000759222207,-0.4584327101345942,0.44769984105144345,-0.5029226912337064,0.02
133.5684039592743,0.07703583142089054,-0.7750390912370377,0.9205236894095088,-0.41480349305198305,0.4549231718009256,-0.45505934556370775,0.02
133.6682894229889,0.06918671726228445,-0.8027690810619248,0.9334303795008515,-0.37253952432079496,0.46192046960604294,-0.40869374287740357,0.02
133.7685031890869,0.06160183727674329,-0.8295655628778292,0.9459025761558166,-0.3316983384161103,0.46868220895680945,-0.36388900125604384,0.02
133.868234872818,0.054335715145224284,-0.8552359109836071,0.9578506233650086,-0.2925735209707174,0.47515978329388864,-0.32096719823311504,0.02
133.96845364570618,0.04737434183846295,-0.8798296176189064,0.9692975568743143,-0.2550896396284519,0.48136568133228,-0.2798455808925846,0.02
134.068204164505,0.04078917953147021,-0.9030942153911176,0.9801258678633138,-0.21963148623576845,0.48723619624975506,-0.24094628436291443,0.02
134.16834449768066,0.034577031263495484,-0.9250409987835789,0.9903408132541016,-0.1861818465890681,0.4927741780604671,-0.20425042383634495,0.02
134.26837825775146,0.02878622717678797,-0.9454992231331699,0.9998629213820445,-0.15500095688564874,0.4979365415969122,-0.17004349091460624,0.02
134.36838960647583,0.023439508985723223,-0.9643885446589883,1.0086547969113555,-0.12621127108475272,0.5027030131638848,-0.1384598234696972,0.02
134.46824383735657,0.018570443970683193,-0.9815903741387815,1.0166612434878541,-0.09999353397614663,0.5070436683326413,-0.10969770721310024,0.02
134.5683901309967,0.014194447939160304,-0.9970502493521937,1.0238569121300136,-0.0764307527874819,0.5109447642789913,-0.08384820505851986,0.02
134.6681740283966,0.010357328484777661,-1.0106063375013568,1.0301664791257845,-0.055769580920074446,0.5143654646272829,-0.061181907628417465,0.02
134.76815176010132,0.007075948192217407,-1.0221990650736155,1.0355622164857103,-0.038100815849579917,0.5172907367860159,-0.041798424112548194,0.02
134.86869645118713,0.004375862350849413,-1.0317381482611574,1.0400021023722406,-0.023562061378035182,0.5196977988250764,-0.025848712487763104,0.02
134.96834468841553,0.0023034722817339426,-1.039059656697464,1.043409836777673,-0.012403167863422881,0.5215452850749825,-0.013606870591465148,0.02
135.06833028793335,0.0008732009962118537,-1.0441126355932888,1.0457617032247344,-0.004701796770209654,0.5228203377656014,-0.005158096778507648,0.02
135.17051815986633,0.00011713728957529757,-1.0467837190389297,1.0470049365060556,-0.0006307319072993423,0.5234943505023351,-0.0006919431821799105,0.02
148.57205152511597,-0.015469336055666532,-0.9696879536896545,1.0615524544828636,0.04064935222192222,0.4373767492975363,-0.049359240871484515,0.02
148.6704020500183,-0.00468613635371354,-0.720859686529872,1.060261674111737,0.042989882649830516,0.18963232776314481,-0.04940901869338205,0.02
148.77098274230957,0.011739022926427202,-0.2246608145490432,0.8758310495485183,0.05036734209461793,-0.12247560388133479,-0.049932292452392314,0.02
148.87050604820251,0.02008945128915749,0.1559768110802244,0.5157706941872339,0.09047142384133341,-0.1434955163051542,-0.014614411188355063,0.02
148.97051286697388,0.01914117473936801,0.30473608324273194,0.3180615852093403,0.12591881971981464,-0.09477078519721138,0.021677984654069515,0.02
156.7684874534607,0.019122599588139933,0.30342412762600657,0.318769159902036,0.12579662444441464,-0.09417070143730544,0.0216569477089106,0.02
156.86831903457642,0.019060036337392776,0.29900530986186047,0.32115235303881934,0.12538505666975167,-0.09214955015410385,0.021586092852399826,0.02
156.9683554172516,0.018954978293920573,0.2915851016211227,0.32515428077078284,0.12469394000548106,-0.088755573708848,0.021467111301623168,0.02
157.0683410167694,0.01880944571890739,0.2813061931556863,0.3306979862177952,0.12373656459221787,-0.08405403810731296,0.021302291066148574,0.02
157.16827368736267,0.018625080260887123,0.26828453345505293,0.3377209348172775,0.12252372989491644,-0.07809797799845365,0.021093491364765366,0.02
157.2682511806488,0.018403679423069592,0.252647079463112,0.3461546551061611,0.12106726065713119,-0.0709454630297979,0.02084274792660348,0.02
157.3683705329895,0.018147066837038726,0.23452263356052802,0.3559296803252392,0.11937915350601687,-0.06265540694498806,0.020552126072001367,0.02
157.46813321113586,0.017857712279053153,0.21408563507190032,0.36695193042338514,0.11747565568426849,-0.05330759766096779,0.02022442290053952,0.02
157.56850409507751,0.017536144469431837,0.1913734273051585,0.3792012651006561,0.11536024533988025,-0.042919115871888666,0.01986023720467017,0.02
157.66837310791016,0.017185583388078456,0.16661343617293664,0.3925550271435063,0.11305410487542214,-0.03159398536865771,0.019463215713284757,0.02
157.76849555969238,0.01680694474869713,0.13987033817356784,0.40697833469095734,0.11056325824660194,-0.019361788947981184,0.019034395501061084,0.02
157.8683168888092,0.016403123973137205,0.11134863581211388,0.42236089377015673,0.10790675277453891,-0.0063160653169488795,0.018577055724648205,0.02
157.96837377548218,0.015974503810577502,0.08107536251235561,0.43868812449266903,0.10508710634674526,0.007530820534054822,0.018091629859574007,0.02
158.06841588020325,0.015524003394477638,0.04925669552105122,0.45584882965017703,0.10212352226943627,0.022084563877137905,0.01758142391663473,0.02
158.16854548454285,0.015052573165241405,0.01595976406965649,0.4738068045535033,0.09902225294537659,0.03731446004432373,0.017047514299591813,0.02
158.26832342147827,0.01456352704768334,-0.018581370637133665,0.4924358133888196,0.09580509878686946,0.05311345028608544,0.016493654132913975,0.02
158.36840105056763,0.014056803263846025,-0.054371071952124594,0.5117382094354448,0.09247165339213505,0.06948353038423435,0.015919773451114186,0.02
158.46844935417175,0.013535793798414221,-0.09116976533272564,0.531584783380815,0.08904423068463041,0.08631511980840598,0.015329713783928448,0.02
158.56822633743286,0.013002007612099752,-0.12887087347805865,0.5519180550785325,0.0855327572521655,0.10355947048616837,0.014725184076998798,0.02
158.6682984828949,0.012456319046917104,-0.1674126419559383,0.5727047186203642,0.08194298488981012,0.12118833616331581,0.014107174550258474,0.02
158.76840662956238,0.011901562454518826,-0.20659488162525463,0.5938368063523772,0.07829355917285521,0.13911015104984886,0.013478895196430746,0.02
158.86843132972717,0.011339032569085418,-0.2463261459206788,0.6152649985609048,0.07459299741552411,0.15728308781711914,0.012841812342848086,0.02
158.96844792366028,0.010771438960259417,-0.2864150590053314,0.6368860808557317,0.07085912432377049,0.17561961184864583,0.01219899466266822,0.02
159.06853914260864,0.01019931681604619,-0.32682382076113925,0.6586796665663122,0.06709546059279106,0.19410243350696788,0.01155104827320241,0.02
159.16835474967957,0.009625733782015092,-0.3673357645895149,0.680528901280836,0.06332218650486583,0.21263245027255734,0.010901447379899488,0.02
159.26858568191528,0.009051413841798238,-0.407899755811612,0.7024062066237778,0.05954406473343017,0.23118627332802383,0.01025101191707804,0.02
159.36842608451843,0.008479261407202263,-0.44831065696522565,0.7242009461719772,0.0557802017393806,0.24967007353917414,0.009603031222797537,0.02
159.46830248832703,0.007910686643356375,-0.4884688686425741,0.7458594031537265,0.0520398741910041,0.26803829449667227,0.008959102353583874,0.02
159.56822419166565,0.007347589335098704,-0.5282402097886364,0.7673092099389309,0.04833557968407502,0.28622956227065455,0.008321376875739946,0.02
159.66847896575928,0.006790604019218082,-0.5675798633198852,0.7885261954095283,0.044671492472504445,0.30422337768900864,0.00769057342221059,0.02
159.76826763153076,0.006243674908207899,-0.606209251061062,0.8093601144930196,0.04107355927004712,0.3218923201006807,0.007071158938158182,0.02
159.8687286376953,0.005706849181376391,-0.6441250407562048,0.829809170009715,0.03754209044233571,0.33923486534383074,0.006463186855638686,0.02
159.9683449268341,0.005183390353399542,-0.6810967316488536,0.8497490463960093,0.03409855478225958,0.35614558320509315,0.005870353208047525,0.02
160.0682954788208,0.004673992134027829,-0.7170753272925012,0.8691533184854268,0.030747515808735262,0.3726020628868257,0.0052934436435766175,0.02
160.16827154159546,0.004181247692697239,-0.7518776731510206,0.8879232058672863,0.02750603249746092,0.38852053016581395,0.004735395008475172,0.02
160.2683229446411,0.003706449928753174,-0.7854124522527635,0.9060094587214502,0.024382610092331267,0.40385921698909066,0.004197671552066989,0.02
160.3683316707611,0.003251626560293895,-0.8175364476669233,0.9233348361149845,0.021390587788726628,0.4185526164498483,0.003682569729110744,0.02
160.46813035011292,0.0028193486193780343,-0.8480680684116189,0.939801400906142,0.018546878933225416,0.43251766948893655,0.0031930013145769452,0.02
160.56816458702087,0.0024101456469527403,-0.8769699132182751,0.9553889815351677,0.01585496707226436,0.4457372689012138,0.00272956603030515,0.02
160.66818642616272,0.0020264276555366396,-0.9040717638517153,0.970005774503597,0.013330706297140754,0.45813355748079054,0.002294993291553627,0.02
160.7682409286499,0.0016702757024363475,-0.9292266360538506,0.9835725070525629,0.01098778669132057,0.4696393051589689,0.001891639961418369,0.02
160.86816310882568,0.0013434726414588705,-0.9523086075623435,0.9960212657519609,0.00883793662833196,0.4801969155478254,0.001521525178118155,0.02
160.96820306777954,0.0010474467878016126,-0.973216797037243,1.0072976424478834,0.006890552175359582,0.4897602458868807,0.0011862665537040844,0.02
161.06826066970825,0.0007844123726277984,-0.9917948142034088,1.017317291450993,0.00516019949035651,0.49825776382921494,0.0008883717748688763,0.02
161.16814064979553,0.0005562586489714777,-1.0079092218629953,1.0260082463143636,0.003659306886393307,0.5056284356825496,0.0006299804803148283,0.02
161.268230676651,0.0003646192087052892,-1.021444640065313,1.0333082793741089,0.0023986208282668203,0.5118194870742268,0.0004129427644080537,0.02
161.36828684806824,0.00021121713532979564,-1.0322793681012323,1.0391517540029174,0.0013894764949105853,0.5167752525395106,0.0002392100736084181,0.02
161.46834778785706,9.811762060700155e-05,-1.0402675422898326,1.043460001800817,0.0006454595994643819,0.5204290145576524,0.00011112130278178797,0.02
161.5684518814087,2.7200267750243645e-05,-1.0452764069963059,1.0461614239070645,0.00017893497435814143,0.5227200511808447,3.080516190386018e-05,0.02
161.6705424785614,2.125151145650206e-07,-1.04718254133774,1.047189455956078,1.3980151565007315e-06,0.5235919101430775,2.4068007607042086e-07,0.02
169.97257018089294,0.0032366960321503556,-1.0489643806152782,1.0472014351603487,0.0039436309637104145,0.5253397810225138,-0.0029832219807195423,0.02
170.07206225395203,0.0135467584407966,-1.0491377566591649,1.0473189682287052,0.01401013246170378,0.5250660813232912,-0.023703182713812606,0.02
170.1721761226654,0.0538893852790414,-1.0431018262187015,1.0414960107526334,0.04514120523865402,0.5451310034855315,-0.10448818009503805,0.02
170.27073431015015,0.10873032806960614,-1.0396263034566322,1.0374614722124955,0.05599116933706438,0.5595413184002658,-0.21098810068302498,0.02
170.37023758888245,0.176863604638862,-1.0394405510369094,1.035107405639216,0.049060546432463555,0.5684570081939528,-0.3401680860700193,0.02
170.47175693511963,0.25584974103373576,-1.0434165497021952,1.034682111282102,0.02548790452819825,0.5713683375708082,-0.4881060032389471,0.02
177.87507009506226,0.2918817142762269,-1.042433222139137,1.0306837857414903,-0.0597760626940321,0.5861616963612226,-0.5527513850039368,0.02
177.9699728488922,0.31245335623901144,-1.0360777795432459,1.0245915452802858,-0.1270716382777499,0.6109049651755659,-0.5842711475071185,0.02
178.07210063934326,0.32215916757730834,-1.02544606227677,1.0164915325695838,-0.1714725163033621,0.6430697263340851,-0.5919409518038785,0.02
180.47295093536377,0.33246792415208853,-1.0249971016280808,1.0161663544453259,-0.190532010540062,0.6468207311921833,-0.6080971328474911,0.02
180.57272267341614,0.30005681247436555,-1.021806227583781,1.0181264518249382,-0.23725119021538926,0.6456571557281934,-0.5522984546662418,0.02
180.6713502407074,0.24387374173444368,-1.0212142377418403,1.0228513788296811,-0.26553204498179545,0.6323151893201204,-0.4604933827646932,0.02
180.7706687450409,0.17238856729836868,-1.0238713398951729,1.0293643041406453,-0.27357488716983686,0.6094645304967938,-0.3444547948834295,0.02
180.87266874313354,0.10066596680540106,-1.0304892093073716,1.0368350476047046,-0.2560227547851583,0.5797307793810825,-0.22702381302384955,0.02
181.67214274406433,0.058428006362423915,-1.032406345622203,1.0363116459914123,-0.19804968750165144,0.5730805963432645,-0.15043756090192312,0.02
183.87137746810913,0.022543081353305027,-1.0338190513841303,1.0359694160925597,-0.14876618891891566,0.5688686286967153,-0.0844944694877333,0.02
183.97135019302368,-0.03487836172470593,-1.0352226704682082,1.0373259210982562,-0.13227945632080432,0.5629328963410113,0.021863461906898602,0.02
184.07018280029297,-0.10764552667793748,-1.0396551062318367,1.0408523075867917,-0.11721805760356872,0.5505970869152822,0.15743554197506363,0.02
184.17050909996033,-0.1862278382064693,-1.0473306629888512,1.0457506751072316,-0.08827342474593732,0.5338198403088136,0.3072158286240463,0.02
184.27213740348816,-0.2672399799819018,-1.0581339983670077,1.0519995580215746,-0.047239699466010136,0.5134528341444593,0.46757224276235476,0.02
191.67263531684875,-0.3215970003747646,-1.063290637399813,1.0522646835463485,0.0346567363416154,0.5134289965405198,0.578404106535892,0.02
191.77013421058655,-0.3891500353054702,-1.0750806376380664,1.0585948875234565,0.08387115641519577,0.49613269159380646,0.7226272623528144,0.02
191.870370388031,-0.4578536796021835,-1.090480938850504,1.0676501214694676,0.13310992942074623,0.47137212488135044,0.880828918587558,0.02
191.9716956615448,-0.5215643852737794,-1.1073096901828379,1.0778762549654581,0.1899254158547589,0.4443050369043732,1.0420535175781789,0.02
194.67418217658997,-0.5664952140318802,-1.1107756715905532,1.0776937002833717,0.2815509147883682,0.45660286849308623,1.1411244855643745,0.02
194.77057576179504,-0.5969420967575378,-1.1183013528061532,1.0841865403440951,0.3658794073408545,0.4485395148088543,1.2194975888780006,0.02
194.87422108650208,-0.6193353146988168,-1.1244200454594393,1.0907291673189103,0.43667983243763625,0.44007617159775175,1.2831959311799421,0.02
194.9718518257141,-0.6438407313409563,-1.125243066364842,1.0918581256706301,0.48728716053845217,0.44871295165697833,1.33659691734042,0.02
195.07026982307434,-0.6644485345245251,-1.1254795194187177,1.0926593045841595,0.5273678493134207,0.45721414123477155,1.379490003520002,0.02
195.37229919433594,-0.6808090083806364,-1.1256119334081556,1.093545273245579,0.5591538243890228,0.4638815868725793,1.4132581080023712,0.02
195.47135019302368,-0.6686027094474098,-1.137011181225634,1.1083482622948542,0.6144908218875869,0.4221020334856847,1.4412523010488933,0.02
195.57190537452698,-0.6194318125655993,-1.160834488205815,1.1383796004534918,0.7060898823105589,0.32304380198647026,1.4764098638103815,0.02
195.67058777809143,-0.5563607099627259,-1.1863081624575742,1.1670956901949656,0.8054747477174183,0.21627427030717036,1.52324554487659,0.02
195.7708306312561,-0.4768529567498917,-1.2174481353920361,1.1917560223027643,0.8978262209774667,0.10297766466649663,1.5684939347492899,0.02
195.87027168273926,-0.382202877993943,-1.2547130388026368,1.2122800699872918,0.93421181408431,-0.017809297121043895,1.5665011604634203,0.02
197.17047429084778,-0.3704039629228583,-1.2484563607422583,1.2150598545834217,0.9166987299097842,-0.032826166957270586,1.5493506872741565,0.02
197.27210879325867,-0.36433528754487193,-1.2456737971700402,1.2168221168598703,0.8928301400775245,-0.0412403278688317,1.5251594301371532,0.02
197.37064266204834,-0.34953629261200714,-1.2453170048534905,1.221102117722633,0.8579517165697509,-0.062270169809299725,1.486778821472888,0.02
197.47024202346802,-0.3033025330386613,-1.2480509581669246,1.2368854608323157,0.7778502410224004,-0.1346287160723414,1.3925230908367254,0.02
197.57189321517944,-0.23903525493360228,-1.2318056286955683,1.2807838145178996,0.5813624345454824,-0.29751154289926507,1.1635763957184075,0.02
197.67077612876892,-0.2613380586562288,-1.1912671367040373,1.3337213506781764,0.3343494608746625,-0.4595074549144133,0.8747829987577214,0.02
197.76996278762817,-0.3568627255197119,-1.1603007811160897,1.3808557844902072,0.11616985479097283,-0.6077883083600141,0.6076843013559139,0.02
197.87098693847656,-0.4887951848425177,-1.1348258548306158,1.4223774935677262,-0.052800738431567774,-0.7624187762577722,0.38182136182740095,0.02
197.97073817253113,-0.6168001340459619,-1.1183684804935619,1.4471793003663258,-0.17333547042157352,-0.8716453872028487,0.2167399196509433,0.02
202.27408409118652,-0.6931208388902269,-1.1272483486527993,1.4392985101752291,-0.2742163464157674,-0.8522947845628762,0.11928199094266297,0.02
202.3700819015503,-0.7067855735905851,-1.1577227004464175,1.4004100225263876,-0.3751914727293396,-0.7101299861264071,0.05328158662178452,0.02
202.4705286026001,-0.687433731234306,-1.1810633795312169,1.3581043702108848,-0.47037362604434463,-0.559027509050234,-0.006045419958985044,0.02
202.57066917419434,-0.6493285190055486,-1.1899541224405836,1.3184139867029139,-0.567603325769241,-0.41796838033739064,-0.06666368763598841,0.02
202.67182421684265,-0.5953386410903249,-1.184749492759074,1.282482719278952,-0.6673129872724906,-0.28540034122840235,-0.13073021459537482,0.02
205.8683750629425,-0.5946917478537429,-1.1846000292192767,1.2822270590993579,-0.6665878869205979,-0.2845212851400599,-0.13058816352426716,0.02
205.96832823753357,-0.5926727375634507,-1.1841335404575937,1.2814291213497748,-0.6643247853929005,-0.28177767431258366,-0.1301448097247611,0.02
206.0683000087738,-0.5893365462613948,-1.1833627193494909,1.280110617431028,-0.6605852603054475,-0.27724416072780245,-0.1294122165840736,0.02
206.16832518577576,-0.5847393630944049,-1.1823005482981046,1.278293753986435,-0.6554322938751409,-0.2709970991979577,-0.128402722658307,0.02
206.26842427253723,-0.5789392749456465,-1.1809604481751996,1.2760014876681027,-0.6489309954848613,-0.26311542334827837,-0.12712908322685568,0.02
206.36850571632385,-0.5719900418358257,-1.1793548401386114,1.2732550650987677,-0.6411416245525892,-0.2536721870782931,-0.12560310343482278,0.02
206.46830940246582,-0.5639647427668024,-1.177500608962651,1.2700833680006118,-0.6321460950742792,-0.2427666966380633,-0.12384083067597075,0.02
206.56840205192566,-0.554898932948003,-1.1754059696156598,1.2665004482305926,-0.6219842607590268,-0.23044726760974507,-0.12185007250693615,0.02
206.6683270931244,-0.5448622191860959,-1.1730870046273822,1.2625338152565597,-0.6107341436314188,-0.2168084879156293,-0.11964611386329187,0.02
206.7684109210968,-0.5339048907135954,-1.1705553332361722,1.2582033440029818,-0.5984521127151678,-0.20191869503942989,-0.11723999774091394,0.02
206.86831188201904,-0.5220918104075198,-1.1678259418952066,1.253534669078245,-0.5852108725808136,-0.18586603042972916,-0.11464596735743789,0.02
206.96836686134338,-0.5094750754955799,-1.1649108675769362,1.2485483799488015,-0.5710688188275206,-0.16872128843498355,-0.11187546272580484,0.02
207.0682771205902,-0.49611774960929866,-1.161824681022044,1.2432694001390436,-0.5560966392578862,-0.15057016552890554,-0.10894233196792923,0.02
207.1683189868927,-0.48206234933158015,-1.1585772056119192,1.2377145327265218,-0.5403419905600337,-0.13147043702733355,-0.10585591128613907,0.02
207.2683823108673,-0.4673742364226442,-1.1551835430658215,1.2319096094844113,-0.5238781365009276,-0.11151092230573292,-0.10263055344766649,0.02
207.36831092834473,-0.4521238550284311,-1.1516599693792546,1.2258824708073621,-0.5067840376757967,-0.09078734713750042,-0.09928172725913709,0.02
207.46819972991943,-0.43636216940208655,-1.1480182597528974,1.219653258396315,-0.4891168197366036,-0.06936896628444528,-0.09582062394398332,0.02
207.56826496124268,-0.4201204572357148,-1.1442656408422691,1.2132343335806652,-0.47091154173833377,-0.04729828265758701,-0.09225411176023285,0.02
207.6685004234314,-0.4034755336082957,-1.1404198606357006,1.206656054626316,-0.4522543054326355,-0.024679679421001688,-0.0885990585055828,0.02
207.76845121383667,-0.3864970175628514,-1.1364970044901237,1.1999459358370752,-0.4332231465597809,-0.0016077611248256907,-0.08487075180258284,0.02
207.8683304786682,-0.36924549628753034,-1.132511070968354,1.1931279220163926,-0.41388597708570535,0.0218351409688321,-0.0810824959717687,0.02
207.9683220386505,-0.3517397020803765,-1.12846638813477,1.1862094163993175,-0.39426379397735095,0.04562357174665005,-0.07723840443225033,0.02
208.06843042373657,-0.33405561978312703,-1.1243805121528545,1.1792204491317633,-0.37444176837636245,0.06965427624478959,-0.07335516267020427,0.02
208.16824221611023,-0.3162939316100789,-1.1202767054703997,1.1722008110656563,-0.3545327546223553,0.09379043851208496,-0.06945487945965012,0.02
208.26832151412964,-0.29843664631015643,-1.11615081124062,1.1651433918368423,-0.3345165863853259,0.11805650666130135,-0.06553360410773573,0.02
208.36835861206055,-0.2805678042190814,-1.1120222468346557,1.1580814052217359,-0.3144874641817722,0.1423382792066219,-0.061609791003888026,0.02
208.46808528900146,-0.2627990170588197,-1.1079167999437431,1.1510589615483922,-0.294570493197985,0.16648408820938804,-0.05770794892908791,0.02
208.56833505630493,-0.24510356368174085,-1.103828296693916,1.144065500289949,-0.2747357217936407,0.19053024474256175,-0.05382221019539636,0.02
208.66835021972656,-0.2275780915434228,-1.099779067309091,1.1371392177119612,-0.25509148176150837,0.21434541564412457,-0.04997379758550502,0.02
208.76833701133728,-0.21028345766623907,-1.0957831726968044,1.1303041652596904,-0.2357059875237566,0.23784690297721373,-0.046176074672757556,0.02
208.86831712722778,-0.1932810821714951,-1.0918548038676066,1.1235846169220356,-0.2166480846781645,0.260951243616035,-0.04244252868120517,0.02
208.96827149391174,-0.17662094961433578,-1.0880055096646828,1.1170003272112141,-0.19797380073665416,0.28359051409959296,-0.038784135702721545,0.02
209.06830501556396,-0.16034762161802218,-1.084245585972385,1.1105689074299285,-0.17973308466588683,0.30570416012925067,-0.03521068100936792,0.02
209.1683864593506,-0.14453250032676151,-1.0805915301300246,1.1043185765855503,-0.16200597087797675,0.32719515411832706,-0.03173784377429131,0.02
209.26852750778198,-0.1292187020961943,-1.0770533040954222,1.0982663747932067,-0.14484078834419678,0.34800490572642323,-0.028375091903715885,0.02
209.36824774742126,-0.11450413073549537,-1.0736535283707744,1.0924509948448782,-0.12834727709964033,0.3680003745464671,-0.025143924062602616,0.02
209.46823692321777,-0.1003999704852499,-1.070394787055115,1.0868768568902816,-0.112537973520212,0.387166362437214,-0.022046796194629403,0.02
209.56843400001526,-0.08696323043096865,-1.0672902519969643,1.0815664916226073,-0.09747677888919548,0.40542540038078706,-0.01909622690596141,0.02
209.66830849647522,-0.0742891217313032,-1.064361921566371,1.076557527665164,-0.0832704150591902,0.4226481069832287,-0.01631312358332493,0.02
209.7681577205658,-0.06240789095690524,-1.0616167841800639,1.0718619188354401,-0.06995278530477556,0.43879338051309497,-0.013704128061130083,0.02
209.8682713508606,-0.051376895036553294,-1.059068092055136,1.0675023332985727,-0.05758818080552908,0.45378327927212697,-0.01128183532832977,0.02
209.9683814048767,-0.04124826087352196,-1.0567278890205247,1.0634993722491621,-0.046235030423850354,0.46754696858607153,-0.009057691914312327,0.02
210.06836867332458,-0.03210057528894461,-1.0546143324224562,1.0598840941674472,-0.03598142185093123,0.4799776576899702,-0.007048954673046365,0.02
210.16830253601074,-0.02398498504121216,-1.052739239629123,1.056676712882691,-0.026884685308220968,0.49100584381764817,-0.005266854904230539,0.02
210.26829981803894,-0.016949693172041314,-1.0511137478681805,1.0538962788310484,-0.01899885141551061,0.5005660243870691,-0.003721977497796153,0.02
210.36843514442444,-0.011040787463312496,-1.0497485056402331,1.051561006471917,-0.012375579805285808,0.5085955712194721,-0.0024244428544690777,0.02
210.4683313369751,-0.006345063277724772,-1.0486635668605386,1.0497051984023267,-0.007112159094086246,0.5149765390532497,-0.0013933103391357837,0.02
210.5681562423706,-0.0029013650649933886,-1.0478679064705985,1.0483442064275348,-0.0032521298888694705,0.519656142593875,-0.0006371097916161861,0.02
210.66839742660522,-0.0007654788672573076,-1.0473744137369216,1.0475000778789179,-0.0008580225679084563,0.5225585748036277,-0.00016809125038733108,0.02
210.77025079727173,-1.2534991997714684e-06,-1.047197840815374,1.0471980465949298,-1.4050428407408333e-06,0.523597072232054,-2.752554732199375e-07,0.02
222.86812806129456,-1.253460686135837e-06,-1.0471978408064755,1.0471980465797086,-1.4049996709422212e-06,0.5235970722843898,-2.7524701602347256e-07,0.02
222.9683117866516,-1.2515033431010717e-06,-1.0471978403542348,1.0471980458061425,-1.4028056920243467e-06,0.5235970749442016,-2.748172037161441e-07,0.02
223.06848788261414,-1.2466750924498015e-06,-1.047197839238676,1.0471980438979585,-1.3973937228646485e-06,0.5235970815052582,-2.737569697582109e-07,0.02
223.16852688789368,-1.2390927820758817e-06,-1.0471978374867965,1.047198040901336,-1.3888947378560475e-06,0.5235970918087762,-2.7209197273990065e-07,0.02
223.26827359199524,-1.2289031108122316e-06,-1.047197835132491,1.0471980368742524,-1.3774731712039873e-06,0.5235971056554082,-2.698544262092424e-07,0.02
223.36831736564636,-1.2161904393768336e-06,-1.0471978321952506,1.0471980318500478,-1.3632235825403064e-06,0.5235971229305172,-2.67062854908297e-07,0.02
223.46819829940796,-1.2011078712184783e-06,-1.04719782871045,1.047198025889231,-1.3463175849818348e-06,0.5235971434260528,-2.6375087877256676e-07,0.02
223.56826496124268,-1.1837407030023037e-06,-1.0471978246977964,1.0471980190255121,-1.3268507872602831e-06,0.5235971670261063,-2.5993722806843787e-07,0.02
223.66814661026,-1.1642382013395977e-06,-1.047197820191778,1.0471980113178831,-1.3049905017948303e-06,0.5235971935278408,-2.55654680201539e-07,0.02
223.76818299293518,-1.14269235858308e-06,-1.047197815213649,1.0471980028027006,-1.2808398424898285e-06,0.523597222806249,-2.5092343574207e-07,0.02
223.86833906173706,-1.1192219001522654e-06,-1.047197809790841,1.047197993526886,-1.2545318882501022e-06,0.5235972546999963,-2.45769565565495e-07,0.02
223.96863961219788,-1.0939733619202287e-06,-1.0471978039572107,1.0471979835483527,-1.2262308906199784e-06,0.5235972890099565,-2.402252474355449e-07,0.02
224.06854629516602,-1.067092287856057e-06,-1.0471977977463862,1.0471979729246208,-1.196099989322096e-06,0.5235973255383518,-2.3432244130408285e-07,0.02
224.16827249526978,-1.0386739451285518e-06,-1.0471977911803783,1.0471979616933416,-1.164245968990627e-06,0.5235973641557244,-2.280820668570852e-07,0.02
224.2683355808258,-1.0088099584087793e-06,-1.0471977842803568,1.047197949890726,-1.130771531396853e-06,0.5235974047375668,-2.2152424392565968e-07,0.02
224.36822652816772,-9.776740842290474e-07,-1.0471977770864682,1.0471979375854448,-1.0958714396262197e-06,0.523597447047763,-2.146871276490629e-07,0.02
224.46831727027893,-9.452947839291355e-07,-1.0471977696052879,1.0471979247887462,-1.0595775958943028e-06,0.5235974910476372,-2.0757696784345028e-07,0.02
224.56815648078918,-9.119022207759698e-07,-1.0471977618899952,1.0471979115915937,-1.0221479893968312e-06,0.5235975364244232,-2.0024430598421094e-07,0.02
224.6683795452118,-8.775317037444365e-07,-1.047197753948748,1.047197898007942,-9.836221978394682e-07,0.5235975831301399,-1.9269689555742054e-07,0.02
224.7681736946106,-8.423732689977984e-07,-1.0471977458254538,1.047197884112895,-9.442132320886933e-07,0.5235976309065493,-1.8497646654109364e-07,0.02
224.86849355697632,-8.064388512644147e-07,-1.04719773752287,1.0471978699111704,-9.039344697395141e-07,0.5235976797374334,-1.7708563967826938e-07,0.02
224.96856236457825,-7.699429495720015e-07,-1.0471977290905563,1.0471978554875403,-8.63026341997067e-07,0.523597729331312,-1.6907151673924796e-07,0.02
225.06829237937927,-7.330765228830929e-07,-1.0471977205726335,1.047197840917474,-8.217028940902862e-07,0.5235977794286928,-1.609760303392297e-07,0.02
225.16833996772766,-6.957830455558834e-07,-1.0471977119560414,1.047197826178632,-7.799007666262403e-07,0.523597830106388,-1.527867680312924e-07,0.02
225.26810789108276,-6.583406211912835e-07,-1.0471977033050355,1.0471978113809246,-7.379316849522732e-07,0.5235978809864857,-1.4456479849285264e-07,0.02
225.3681619167328,-6.207381632445052e-07,-1.047197694617054,1.04719779651997,-6.957832221993561e-07,0.5235979320840514,-1.3630768723322015e-07,0.02
225.46814060211182,-5.83175975950033e-07,-1.047197685938377,1.0471977816749305,-6.536798986788573e-07,0.5235979831268937,-1.2805941899276108e-07,0.02
225.56809854507446,-5.457475429723233e-07,-1.0471976772906035,1.0471977668827526,-6.117264999012061e-07,0.5235980339879787,-1.1984052181832454e-07,0.02
225.66816210746765,-5.08550649736751e-07,-1.0471976686963271,1.0471977521820819,-5.700326332055031e-07,0.5235980845344268,-1.1167246837901193e-07,0.02
225.76824069023132,-4.7173256224785617e-07,-1.047197660189573,1.04719773763112,-5.28763368537865e-07,0.52359813456612,-1.035875967678801e-07,0.02
225.8684687614441,-4.3540971806838593e-07,-1.0471976517972441,1.0471977232758842,-4.880492203525179e-07,0.5235981839248326,-9.561147547068509e-08,0.02
225.96831440925598,-3.997592063034074e-07,-1.0471976435602561,1.0471977091863627,-4.4808868720398283e-07,0.5235982323699201,-8.778299142522963e-08,0.02
226.06813955307007,-3.64853720681839e-07,-1.0471976354954053,1.0471976953912845,-4.0896325123712456e-07,0.5235982798025997,-8.011810742331866e-08,0.02
226.1688313484192,-3.3058730166123347e-07,-1.0471976275782098,1.0471976818487734,-3.705541427737885e-07,0.5235983263668588,-7.259355584419596e-08,0.02
226.2684304714203,-2.976363837868293e-07,-1.0471976199649584,1.0471976688261646,-3.336195749147015e-07,0.5235983711434978,-6.535787472513026e-08,0.02
226.36825942993164,-2.656917449606662e-07,-1.047197612584206,1.0471976562012497,-2.978129416987128e-07,0.5235984145527154,-5.8343162088266485e-08,0.02
226.46855092048645,-2.3489662184211083e-07,-1.0471976054690473,1.0471976440306374,-2.632947965931177e-07,0.5235984563998687,-5.158087122409233e-08,0.02
226.5683937072754,-2.0547914354982817e-07,-1.0471975986721909,1.0471976324044876,-2.303208487240196e-07,0.5235984963749557,-4.512109693005549e-08,0.02
226.66837787628174,-1.7754790464040934e-07,-1.0471975922187273,1.0471976213657177,-1.990128213476515e-07,0.5235985343304084,-3.8987685448793366e-08,0.02
226.76850080490112,-1.511595816001679e-07,-1.047197586121752,1.0471976109367271,-1.6943424293802243e-07,0.5235985701892096,-3.319308235112364e-08,0.02
226.86849570274353,-1.2647337176136323e-07,-1.047197580418047,1.047197601180433,-1.41763557224492e-07,0.5235986037350281,-2.777224572639696e-08,0.02
226.96832299232483,-1.0367273339632083e-07,-1.0471975751499996,1.0471975921693395,-1.1620640193874107e-07,0.5235986347185643,-2.27654611157401e-08,0.02
227.06852388381958,-8.276320009111279e-08,-1.047197570318889,1.0471975839056342,-9.276897965792056e-08,0.5235986631322985,-1.817394363748215e-08,0.02
227.16831278800964,-6.394036712834554e-08,-1.0471975659699064,1.0471975764666188,-7.167053244581369e-08,0.5235986887104388,-1.404064399480911e-08,0.02
227.26827359199524,-4.729602944597328e-08,-1.0471975621242617,1.0471975698885714,-5.3013952925257246e-08,0.5235987113282458,-1.0385719407678027e-08,0.02
227.3685541152954,-3.2934883164632655e-08,-1.0471975588061442,1.0471975642128692,-3.691659460934605e-08,0.5235987308434491,-7.232160062469202e-09,0.02
227.46826481819153,-2.1034979601631653e-08,-1.0471975560566926,1.0471975595098808,-2.3578034592914188e-08,0.5235987470140969,-4.619064188851862e-09,0.02
227.5684473514557,-1.1661807753561039e-08,-1.0471975538910376,1.0471975558054878,-1.3071679261721322e-08,0.5235987597511969,-2.5608124938505147e-09,0.02
227.66832065582275,-4.962073832140535e-09,-1.047197552343076,1.0471975531576703,-5.5619710920818065e-09,0.5235987688553914,-1.0896201458023387e-09,0.02
227.7698724269867,-1.047246245876236e-09,-1.047197551438562,1.0471975516104823,-1.173854630724351e-09,0.5235987741752074,-2.2996445553296694e-10,0.02
