time,x,y,z
0.06682968139648438,0.0342466494066635,-0.0012638998808521505,0.24047429260489445
0.16668295860290527,0.03425023929716178,-0.001263945721243942,0.24048436590999633
0.2666208744049072,0.03425677991348282,-0.0012640291347197144,0.24050271847554533
0.366973876953125,0.03426616343746133,-0.0012641485660496062,0.24052904685651766
0.46697521209716797,0.03427823471099192,-0.0012643017936433514,0.24056291445748326
0.5666882991790771,0.03429286293934289,-0.0012644868556689753,0.24060395278702162
0.6667189598083496,0.03430995479067578,-0.0012647022210769618,0.2406518982344145
0.7669010162353516,0.03432937488660924,-0.001264945793656387,0.24070636906277243
0.866746187210083,0.034350976327924054,-0.0012652153135750029,0.24076695112448243
0.9667806625366211,0.034374657747654025,-0.0012655090770782342,0.24083335790869959
1.0666956901550293,0.03440026860210868,-0.0012658247642636303,0.24090516497445305
1.1668181419372559,0.03442772586938472,-0.0012661608906582057,0.24098213721354209
1.2666988372802734,0.0344568427487285,-0.0012665147111671216,0.24106374864048383
1.3667733669281006,0.03448754544503345,-0.0012668848787052156,0.2411497901389696
1.4667727947235107,0.03451968151241491,-0.0012672691140917618,0.24123983226406753
1.5666656494140625,0.03455312147877368,-0.001267665450690944,0.24133351013396173
1.6667983531951904,0.03458776828445034,-0.0012680723386674156,0.24143054983257806
1.7667748928070068,0.034623468905806754,-0.001268487608697539,0.24153052089052895
1.8667612075805664,0.03466009922634894,-0.0012689094806779093,0.24163307405494872
1.9666781425476074,0.034697531312113256,-0.0012693361801745864,0.2417378496372151
2.066671133041382,0.034735654957075854,-0.0012697661858416774,0.24184453782938162
2.1666786670684814,0.034774334418459396,-0.0012701977414409892,0.24195275762873908
2.2668073177337646,0.034813460103630345,-0.0012706294409946008,0.2420622014931882
2.3667736053466797,0.034852865840888855,-0.0012710593171703921,0.24217240393368744
2.4667954444885254,0.03489245612458068,-0.0012714862423358689,0.24228309743411935
2.566692590713501,0.034932079178403505,-0.0012719085402597106,0.24239385744079095
2.666987419128418,0.0349716734055039,-0.001272325555083928,0.2425045117813412
2.7666821479797363,0.035010991418040135,-0.001272734739986639,0.2426143693834102
2.8666908740997314,0.03505000986526366,-0.0012731359609752003,0.2427233655610515
2.9667322635650635,0.03508859357691653,-0.001273527965528369,0.24283112342305782
3.066768169403076,0.03512656076910679,-0.001273909100564432,0.24293713626133173
3.166940689086914,0.03516385277918349,-0.0012742790113990897,0.24304124146328002
3.2667930126190186,0.03520025221214208,-0.0012746358200554017,0.24314283355247845
3.3666746616363525,0.035235692578924296,-0.0012749791958414358,0.24324172857750548
3.466667890548706,0.035270049565000655,-0.0012753082786803906,0.24333758138134687
3.566786766052246,0.035303193414578216,-0.0012756222008166694,0.2434300318487003
3.666672706604004,0.03533497143912963,-0.0012759199220351743,0.24351865612013723
3.7667927742004395,0.035365288908410994,-0.0012762009814196555,0.2436031921546424
3.866956949234009,0.0353940039250506,-0.0012764645040999612,0.24368324650815987
3.96681547164917,0.0354209602330178,-0.001276709513690806,0.24375838585703852
4.066627740859985,0.03544604655328164,-0.0012769354625500225,0.243828302347742
4.166750431060791,0.03546917341873407,-0.0012771420002818182,0.24389274892026916
4.266713619232178,0.03549017096007935,-0.0012773280574176794,0.24395125445541166
4.366787910461426,0.03550892843922092,-0.0012774930871468082,0.244003512584094
4.466732740402222,0.035525310628166176,-0.0012776363092850615,0.24404914861807608
4.566669702529907,0.03553919028001282,-0.001277756989258104,0.2440878099803006
4.666966199874878,0.03555045783916315,-0.001277854510138083,0.24411919319041664
4.76680850982666,0.035558952407589814,-0.0012779277655681001,0.2441428515391684
4.86667537689209,0.03556456696276264,-0.0012779760592227275,0.24415848809284948
4.968873500823975,0.03556717582855104,-0.0012779984655226645,0.24416575362232312
7.569260597229004,0.0361927885410323,-0.0012646358342804469,0.24053542466893402
7.672784090042114,0.05565926021309041,0.001660804089721247,0.24053542466893402
7.769186019897461,0.10013163572521352,0.006266368192251726,0.24053542466893402
7.8726606369018555,0.19025969988079214,0.009384556685205504,0.24053542466893402
7.970486640930176,0.29025969988079214,0.01481572707426171,0.24053542466893402
8.070047378540039,0.3902596998807921,0.026366661687012717,0.24053542466893402
8.16996169090271,0.4902596998807921,0.03995430489313226,0.24053542466893402
8.270461320877075,0.5902596998807921,0.05358692278396707,0.24053542466893402
13.170374393463135,0.6028643254038825,0.0556000199286304,0.24053542466893402
13.270515203475952,0.6642825011012091,0.06221980565470081,0.24053542466893402
13.36928105354309,0.7642825011012091,0.07015670576375346,0.24053542466893402
13.470391750335693,0.8642825011012091,0.08342310228627543,0.24053542466893402
13.570087671279907,0.964282501101209,0.09701395818274837,0.24053542466893402
13.669458866119385,1.0642825011012091,0.11064978876393658,0.24053542466893402
13.770978927612305,1.1291508797404304,0.13196985909026487,0.24053542466893402
20.872185945510864,1.1292236422909836,0.13196985909026487,0.24053542466893402
20.97457265853882,1.1560402547730546,0.14474795946162566,0.24053542466893402
21.06956648826599,1.232123378456984,0.1563631434110962,0.24053542466893402
21.16892647743225,1.3321233784569841,0.17282916345876084,0.24053542466893402
21.2689471244812,1.4321233784569842,0.19217034914773332,0.24053542466893402
21.36871838569641,1.5321233784569843,0.2122022170690857,0.24053542466893402
21.46874690055847,1.6224281286610707,0.2327127430705391,0.24053542466893402
35.16696095466614,0.5361463035963383,0.07005838930501568,0.1211769695651659
35.26669383049011,0.5360306423637401,0.06991148927595667,0.12235593158410243
35.366766691207886,0.5357416132248366,0.0695662087050134,0.12510424429638758
35.46676540374756,0.5352417346673697,0.06902522895661935,0.1293482381598101
35.566768169403076,0.5344723906359463,0.06828825893387944,0.13501430092652067
35.666643142700195,0.5333590216100049,0.0673542763113661,0.14201645502178148
35.766698122024536,0.531811376766235,0.06621945538502608,0.1502766650718611
35.86677646636963,0.5297317378656947,0.06488184941956422,0.1596944112777277
35.96677541732788,0.5270166142740638,0.06334013700741892,0.17016134020394114
36.066675662994385,0.5235592008633776,0.06159380869079942,0.18156370098799404
36.16678166389465,0.5192516819164594,0.05964357531669037,0.1937823652208513
36.26669526100159,0.5139971036024664,0.05749561177111654,0.20666975010717364
36.366687297821045,0.5077031410690372,0.0551573717773991,0.2200796607171957
36.466803789138794,0.5002821422858079,0.05263758963501704,0.23386719444242654
36.56678080558777,0.49168228827485816,0.04995574284659153,0.2478398953099309
36.66680550575256,0.48184877351192584,0.04712792094487665,0.2618369520547053
36.76696252822876,0.4707525249267344,0.044175898806485724,0.27568020753270644
36.86685800552368,0.45840999207547256,0.04113037736449237,0.28916445835540316
36.966697216033936,0.4448254468351921,0.03801547083230366,0.30212883269416735
37.0667667388916,0.4300366941058328,0.03486039632072007,0.31440159662543454
37.1669225692749,0.4141171653590406,0.031698281603950475,0.3258093466608706
37.26668691635132,0.39718697569498596,0.028566650705840177,0.33618022646282336
37.36678075790405,0.379320696134484,0.025490102644792234,0.3454005356421437
37.46678066253662,0.36067503640903,0.022503639504907594,0.3533371507077955
37.566673040390015,0.3414051789278383,0.019636513669908453,0.35989267084313137
37.666768312454224,0.3216590640722065,0.016912248137122714,0.3650000426260205
37.76676964759827,0.3016226406257532,0.01435504252174351,0.36860935866561206
37.866671323776245,0.2814730225651849,0.01198295690070929,0.37070292167578806
37.966673851013184,0.2613942840686136,0.009810317692491867,0.3712903141392925
38.066678524017334,0.24155543504046967,0.007845549355398678,0.3704088018864812
38.16667580604553,0.22213120088557833,0.006093794936245497,0.3681217631387405
38.26684236526489,0.20326733468445812,0.004554077491308189,0.36451469187038743
38.36677360534668,0.1851364062420976,0.003224419709092801,0.35970414655090543
38.46671485900879,0.16784972450511404,0.0020953652832577177,0.35381812080722036
38.566712379455566,0.15150342423476387,0.0011548515813939418,0.346998221198279
38.66675162315369,0.13618402847149336,0.0003889452624082426,0.3394013978374637
38.7667772769928,0.12197087724832208,-0.0002178121826994818,0.33120266171954554
38.866613149642944,0.1089134834516912,-0.0006829648315109689,0.3225816354461112
38.96656584739685,0.09700831681667672,-0.0010257872168385508,0.3136968963512949
39.066577672958374,0.08627074543604013,-0.0012642836637828357,0.3047305194948102
39.166643142700195,0.07669019788706548,-0.0014164985577146474,0.29585659439121975
39.26669001579285,0.06823146126447492,-0.001499782360821475,0.2872335932274026
39.36666131019592,0.06087368211293023,-0.0015300974854291598,0.27903951380411407
39.46665167808533,0.05455239627211238,-0.0015222169672386675,0.2714055530649733
39.5666937828064,0.04922113935476363,-0.0014891377642234187,0.26447664128986104
39.666675090789795,0.04483031740374056,-0.0014422291392021704,0.25838532255929814
39.76673674583435,0.041328702209001755,-0.0013911004091983273,0.25324650707969637
39.86677074432373,0.03867555278837892,-0.0013436918669535551,0.24916821687193785
39.96666693687439,0.036842376322822834,-0.0013063182091084223,0.24624892784407032
40.06833577156067,0.03581183410999926,-0.0012835810095600635,0.24456903164919458
44.267964124679565,0.03581183409646292,-0.0012835810092530556,0.2445690316269393
44.366777181625366,0.03581154756671033,-0.0012835745106376459,0.2445685605354556
44.46678066253662,0.035810696672407924,-0.001283555211412435,0.24456716154329214
44.56679844856262,0.0358093050992338,-0.0012835236471077788,0.24456487355460846
44.666747093200684,0.035807396789022825,-0.0012834803581337068,0.24456173587349805
44.76673436164856,0.03580499433221164,-0.001283425853461695,0.244557785564196
44.8669536113739,0.03580211880026844,-0.001283360606944478,0.2445530571783161
44.96662640571594,0.03579880376488126,-0.0012832853755963582,0.24454760581146728
45.06697630882263,0.03579505679100849,-0.0012832003258661656,0.24454144378439516
45.16673254966736,0.035790919648549524,-0.0012831064002958997,0.2445346396622121
45.266807556152344,0.03578640051231008,-0.0012830037786920392,0.24452720675749248
45.36677026748657,0.03578153099250553,-0.0012828931728807828,0.24451919692489024
45.466636419296265,0.0357763353468602,-0.001282775127886368,0.24451064992959692
45.56690001487732,0.035770826512815185,-0.0012826499316278307,0.2445015869166642
45.666987895965576,0.03576503814730844,-0.0012825183430963671,0.24449206312275837
45.76680278778076,0.035758998222772634,-0.001282380992627133,0.24448212444466055
45.86681413650513,0.03575272024028117,-0.001282238181875714,0.24447179297580673
45.96699333190918,0.03574622633663874,-0.0012820904092375567,0.24446110502789545
46.06674337387085,0.035739556145730975,-0.0012819385719870305,0.24445012572655483
46.1667845249176,0.03573271454925647,-0.0012817827770340191,0.244438863010839
46.26662230491638,0.03572573702706361,-0.0012816238284980679,0.2444273752007946
46.36677122116089,0.03571863544539512,-0.0012814619933930217,0.24441568175754896
46.46661972999573,0.03571144733541659,-0.0012812981242814568,0.24440384441755775
46.56697869300842,0.03570417674707339,-0.0012811323112750135,0.24439186979950367
46.66665530204773,0.03569687761843912,-0.0012809657830118691,0.2443798467053035
46.76669144630432,0.03568954552080976,-0.001280798437624884,0.24436776782098418
46.866777658462524,0.03568221304307383,-0.0012806310184569347,0.24435568682288558
46.966909646987915,0.03567489995976858,-0.0012804639772524204,0.2443436362969335
47.066776514053345,0.03566764866150515,-0.001280298283338012,0.2443316861187364
47.166663646698,0.03566046410292198,-0.001280134051610201,0.24431984449186955
47.266740798950195,0.03565336835489742,-0.0012799717886049916,0.2443081478396674
47.366660594940186,0.035646394227005246,-0.0012798122472994604,0.24429665030711334
47.46661138534546,0.035639561387951144,-0.001279655880958682,0.2442853843957851
47.566954374313354,0.03563288188418613,-0.0012795029689092775,0.24427437005105934
47.66668939590454,0.03562640916506553,-0.0012793547391071747,0.24426369550912605
47.76672148704529,0.0356201347055219,-0.001279211001085575,0.24425334681961616
47.86665320396423,0.035614104494162024,-0.0012790728134031426,0.24424339994815944
47.96669316291809,0.03560832403032843,-0.0012789403074946748,0.2442338640896597
48.06670951843262,0.03560282888752829,-0.0012788143044254012,0.24422479805694863
48.166943311691284,0.035597634141161294,-0.0012786951557209082,0.2442162268555294
48.2668776512146,0.035592772074534276,-0.0012785836078138164,0.2442082038885672
48.366774559020996,0.03558826236210996,-0.0012784801181376995,0.24420076175959518
48.466668128967285,0.03558412830830221,-0.001278385227451509,0.24419393906303227
48.566895723342896,0.03558038981731221,-0.0012782993984194573,0.2441877687806185
48.66667699813843,0.03557707577600175,-0.0012782232997992464,0.2441822987167299
48.76673769950867,0.03557420539070204,-0.0012781573778448685,0.2441775606924263
48.86677289009094,0.035571804136678944,-0.0012781022223850858,0.24417359686751394
48.96664047241211,0.03556989580964873,-0.0012780583841881694,0.2441704466182874
49.06673717498779,0.03556850191395901,-0.0012780263607419795,0.2441681455237616
49.1667594909668,0.03556764693873561,-0.001278006717320413,0.2441667340723411
49.26887345314026,0.035567354582225194,-0.0012780000001007888,0.24416625142560902
